Fecha,Nombre de la Empresa,Link de la Vacante,Comentarios
2/5/2024,Globant,https://career.globant.com/job/Caba-Young-Talent-Professionals-%28Anywhere%29-Arge/556920517/,Postulación Activa
6/5/2024,Possumus,https://www.linkedin.com/jobs/view/3909841571/?alternateChannel=search&refId=gj1UqITcwKYxkwbDCbzE7w%3D%3D&trackingId=tH8so93yNDtaojHlySXktQ%3D%3D,Postulación Activa
6/5/2024,Ventia,Ventia,Postulación Activa
7/5/2024,Usercode SpA,https://usercode.cl,Postulación Activa
8/5/2024,QuadMinds,https://quadminds.hiringroom.com/jobs/get_vacancy/661701dfc8185427c41cc9f1?source=linkedinjobs,Postulación Activa
8/5/2024,Raona,https://empleo.raona.com/jobs/3906178-front-end-developer?ittk=MFHNYC5PLQ,Postulación Activa
9/5/2024,ADN,https://www.linkedin.com/jobs/view/3910095174/?alternateChannel=search&refId=9hWtTZ80X5E8q%2F6MjmoqDg%3D%3D&trackingId=cSXdkF9xhYyBz%2Fad1hs0tw%3D%3D&trk=d\_flagship3\_search\_srp\_jobs,Postulación Activa
9/5/2024,Cliengo,https://cliengo.zohorecruit.com/recruit/Apply.na?digest=IwJUoeiHONaVd9ovsEz0iLU8sc77HnqeMldV1C7@Fvs-&embedsource=LinkedIn+Limited+Listings,Postulación Activa
9/5/2024,Vates Software,https://www.linkedin.com/jobs/view/3919457807/?alternateChannel=search&refId=RoQiJEC%2FfZ71KejyGhFb%2Fw%3D%3D&trackingId=x1Bdd50nqEVsfLesk8XtZw%3D%3D&trk=d\_flagship3\_search\_srp\_jobs,Postulación Activa
9/5/2024,Bancoli,https://www.linkedin.com/jobs/view/3918201946/?alternateChannel=search&refId=Wj6V6LxC2sBcUwAVF8cKEg%3D%3D&trackingId=9vC62Pl4uErCErsCDfg4%2Fg%3D%3D,Postulación Activa
10/5/2024,ZeroQ,https://www.getonbrd.com/empleos/programacion/desarrollador-fronted-zeroq-remote,Postulación Activa
10/5/2024,SPSG,https://www.getonbrd.com/empleos/programacion/desarrollador-fullstack-spsgroup-remote,Postulación Activa
13/5/2024,Treinta,https://app.dover.io/apply/treinta/6dd7ea40-2fa3-42e4-bdfe-b311d1ff4e54?rs=42706078,Postulación Activa
13/5/2024,Nous,https://www.linkedin.com/jobs/view/3903380735/,Postulación Activa
13/5/2024,Talo,https://www.getonbrd.com/jobs/programming/desarrollador-mobile-talo-remote-0d29,Postulación Activa
13/5/2024,Impacto Talent,https://ar.indeed.com/viewjob?jk=62cb86dc3a2c7956&tk=1houhjp2rg2qc80n&from=serp&vjs=3,Postulación Activa
13/5/2024,Staffy/Romina parente,https://www.linkedin.com/posts/romina-parente_junior-activity-7194331015442481153-IXsk/?utm_source=share&utm_medium=member_android,Postulación Activa
14/5/2024,Agile Engine,https://launchpod.agileengine.com/test-task-selection,Postulación Activa
14/5/2024,Joyit,https://www.linkedin.com/feed/update/urn:li:activity:7194723694907129857/,Postulación Activa
14/5/2024,Aliantec,https://www.aliantec.com/PRIMER-EMPLEO-EN-IT/,Postulación Activa
14/5/2024,Mandala Tech,https://mandalatech.na.teamtailor.com/jobs/43545-desarrollador-react-junior,Postulación Activa
14/5/2024,EasyLife Marketing,https://www.linkedin.com/jobs/view/3924993703/?alternateChannel=search&refId=y4Z3NJIh1F0sn4inCAcrlA%3D%3D&trackingId=MHH%2B7Y6cY1yIp2XY4SFIJQ%3D%3D&trk=d\_flagship3\_postapply\_immediate\_premium&lipi=urn%3Ali%3Apage%3Ad\_flagship3\_search\_srp\_jobs%3BA3zZflGxTrGRla4nfX8t3Q%3D%3D,Postulación Activa
14/5/2024,Latch,https://www.linkedin.com/jobs/view/3924443535/?alternateChannel=search&refId=y4Z3NJIh1F0sn4inCAcrlA%3D%3D&trackingId=6ADiS2QdQMm0%2BWdHb64eLA%3D%3D&trk=d\_flagship3\_search\_srp\_jobs,Postulación Activa
15/5/2024,Stonebranch,https://stonebranch.bamboohr.com/careers/318?source=aWQ9NA%3D%3D,Postulación Activa
15/5/2024,,https://www.linkedin.com/jobs/view/3905346445/?alternateChannel=search&refId=H2ta16QI4YMmjYGPRIBYDQ%3D%3D&trackingId=OE3jz8RUn4Fxu38E0iYvFg%3D%3D&trk=d\_flagship3\_postapply\_premium\_top\_choice&lipi=urn%3Ali%3Apage%3Ad\_flagship3\_search\_srp_jobs%3BhOvv90IGTlS%2BtsFE5qslPQ%3D%3D&lici=OE3jz8RUn4Fxu38E0iYvFg%3D%3D,NOUS
15/5/2024,Dreamerz,https://www.linkedin.com/jobs/view/3925266741/?alternateChannel=search&refId=H2ta16QI4YMmjYGPRIBYDQ%3D%3D&trackingId=ipR1l%2BsdWVjBkueh%2FpVo3Q%3D%3D&trk=d\_flagship3\_postapply\_default\_confirmation&lipi=urn%3Ali%3Apage%3Ad\_flagship3\_search\_srp\_jobs%3BEE0TdPUQSO2VQeCo44%2BGDQ%3D%3D,Postulación Activa
15/5/2024,Iconosur,https://iconosur.com/es/empleo/buscamos-react-ui-developer/,Postulación Activa
20/5/2024,iStorming,http://istorming.com.ar/ar/empleo_detalle.php?id=416,Postulación Activa
20/5/2024,Visa Solutions,https://www.linkedin.com/jobs/view/3927118933/?alternateChannel=search&refId=Jd6eY7bxqvraI%2Bj9wgoGlg%3D%3D&trackingId=xZy5gvHvXAjkG9PVwEnK2g%3D%3D&trk=d\_flagship3\_postapply\_verification&lipi=urn%3Ali%3Apage%3Ad\_flagship3\_search\_srp_jobs%3Bw8r4fwAsTuS43qh1uHCeCg%3D%3D,Postulación Activa
20/5/2024,Cliengo,https://cliengo.zohorecruit.com/recruit/Apply.na?digest=IwJUoeiHONaVd9ovsEz0iDexiv58POSVbMqI.SZze0E-&embedsource=LinkedIn+Limited+Listings,Postulación Activa
20/5/2024,Happy Agencies,https://ar.talent.com/view?id=1bcdcb04da60&source=linkedin-premium&utm_medium=linkedin-premium,Postulación Activa
21/5/2024,MercadoLibre,https://mercadolibre.eightfold.ai/careers?query=25812,Postulación Activa
21/5/2024,VML,https://www.vml.com/careers/job/6923985002-ar-fullstack-developer?gh_src=202f2fcc2us,Postulación Activa
22/5/2024,Julieta Rossi,https://www.linkedin.com/posts/julietarossi_oportunidad-laboral-activity-7198494555212566528-paZt/?utm_source=share&utm_medium=member_desktop,Postulación Activa
22/5/2024,InvGate,https://www.linkedin.com/jobs/view/3930912334/?alternateChannel=search&refId=abS47eTSYvtgqy4hhLGPww%3D%3D&trackingId=yb5VtgixWJno6djUwSdjug%3D%3D&trk=d\_flagship3\_search\_srp\_jobs&lipi=urn%3Ali%3Apage%3Ad\_flagship3\_search\_srp\_jobs%3Bb54Rh4EuRaOCOj1m7Q9cHw%3D%3D,Postulación Activa
22/5/2024,MediaMonks,https://media.monks.com/careers/buenos-aires/marketing-services/frontend-developer?gh_src=a9b949034us,Postulación Activa
23/5/2024,CFOTech,https://hiringroom.com/app/postulant/update/664f51c9265f95e79570b840?hash=cc03ee5818e8826fa28becac53f4d924#step2,Postulación Activa
23/5/2024,loan.co.uk,"[https://www.glassdoor.com.ar/Descripción-general/Trabajar-en-Loan-co-uk-EI_IE1437567.12,Postulación Activa,22.htm '‌')",Postulaciones realizadas
24/5/2024,CDA,https://cda.avature.net/oportunidadeslaborales/JobDetail/React-Developer/2108,Postulación Activa
24/5/2024,Certant,https://www.linkedin.com/company/certant/posts/,Postulación Activa
24/5/2024,Ensolvers,https://www.linkedin.com/company/ensolvers/posts?lipi=urn%3Ali%3Apage%3Ad\_flagship3\_feed%3BSLU7NH7LT1iIWrw0VWERlg%3D%3D,Postulación Activa
24/5/2024,Auravant,https://auravant.hiringroom.com/jobs/get_vacancy/66452ec80be9a1960f6faed7,Postulación Activa
27/5/2024,Extendeal,https://www.careers-page.com/extendeal/job/L39W389W?utm_medium=free_job_board&utm_source=linkedin,Postulación Activa
27/5/2024,LoreAn RyS,https://www.halaxia.com/empleos/frontend-engineer/18579,Postulación Activa
27/5/2024,Ecosistemas,https://ar.computrabajo.com/trabajo-de-desarrollador-en-cordoba-en-agua-de-oro#6E726453790335C861373E686DCF3405,Postulación Activa
28/5/2024,Software Factory,https://efrh.hiringroom.com/jobs/get_vacancy/66428d1fbafe4e7b8cad7628?source=linkedinjobs,Postulación Activa
28/5/2024,Adviters,https://careers.adviters.com/jobs/index.php?m=careers&p=showJob&ID=441,Postulación Activa
28/5/2024,Zelaya,https://wearejobly.com/platform/public/jobs/fullstack-mern-buenos-aires-remoto,Postulación Activa
28/5/2024,Distillery,https://www.linkedin.com/jobs/view/3936722500/?alternateChannel=search&refId=nYEPACe0sTi%2FxsOCMP3smA%3D%3D&trackingId=PcKl5JR24FTyIIICCFHt3Q%3D%3D&trk=d\_flagship3\_search\_srp\_jobs&lipi=urn%3Ali%3Apage%3Ad\_flagship3\_search\_srp\_jobs%3BGL7b85E5RguZlsMqu207Rw%3D%3D,Postulación Activa
28/5/2024,ADN Recursos humanos,https://ar.computrabajo.com/trabajo-de-desarrollador-fullstack#A3A9E7E14A45984261373E686DCF3405,Postulación Activa
29/5/2024,Tekno,https://www.linkedin.com/posts/teknorh_en-tekno-nos-encontramos-en-b%C3%BAsqueda-de-un-activity-7199524254147624962-2X1B/?utm_source=share&utm_medium=member_desktop,Postulación Activa
29/5/2024,Daira IT FE,https://dairaitgroup.com.ar/jobs/apply/programador-frontend-junior-3,Postulación Activa
29/5/2024,Daira IT BE,https://dairaitgroup.com.ar/jobs/apply/programador-backend-junior-4,Postulación Activa
29/5/2024,Ataway Buenos Aires,https://www.linkedin.com/jobs/view/3937216293/?alternateChannel=search&refId=zJSAnbkMKtML1EFRjJT7BA%3D%3D&trackingId=gPF4C8Tknqsm81Usoa2hiQ%3D%3D&trk=d\_flagship3\_search\_srp\_jobs&lipi=urn%3Ali%3Apage%3Ad\_flagship3\_search\_srp\_jobs%3BIwfNzoOvSYmwva6hRs5sNQ%3D%3D,Postulación Activa
29/5/2024,Aluxion,https://www.linkedin.com/jobs/view/3933976316/?alternateChannel=search&refId=zJSAnbkMKtML1EFRjJT7BA%3D%3D&trackingId=ViaV0w%2FR%2BUPbshLaL9n2xA%3D%3D&trk=d\_flagship3\_search\_srp\_jobs&lipi=urn%3Ali%3Apage%3Ad\_flagship3\_search\_srp\_jobs%3BylkU%2FdFcRE%2BzOwBYHJ0BjA%3D%3D,Postulación Activa
30/5/2024,JSD FE,https://www.linkedin.com/jobs/view/3938114663/?alternateChannel=search&refId=gWqSjNrOlr6vyiU7IuId1g%3D%3D&trackingId=AiqY%2BCL5KOiWYJeTpg4HMQ%3D%3D&trk=d\_flagship3\_postapply\_immediate\_premium&lipi=urn%3Ali%3Apage%3Ad\_flagship3\_search\_srp\_jobs%3BaLHQhaJTRa%2B6rzr1GHNQJQ%3D%3D,Postulación Activa
30/5/2024,JSD FS,https://www.linkedin.com/jobs/view/3938118097/?alternateChannel=search&refId=gWqSjNrOlr6vyiU7IuId1g%3D%3D&trackingId=XIvWmPvtQ7UGEvkqtHECNg%3D%3D&trk=d\_flagship3\_postapply\_premium\_top\_choice&lipi=urn%3Ali%3Apage%3Ad\_flagship3\_search\_srp_jobs%3By0tVd2rCR8K%2F2B8FejHtKQ%3D%3D,Postulación Activa
30/5/2024,KidsCorp,https://kidscorp.hiringroom.com/jobs/get_vacancy/664b77637390ac9dcd5b23c5?source=linkedinjobs,Postulación Activa
30/5/2024,NEUROTIC,https://www.linkedin.com/jobs/view/3936749040/?alternateChannel=search&refId=gWqSjNrOlr6vyiU7IuId1g%3D%3D&trackingId=UFiofnrbMBfLEzw0oJf38g%3D%3D&trk=d\_flagship3\_search\_srp\_jobs&lipi=urn%3Ali%3Apage%3Ad\_flagship3\_search\_srp\_jobs%3By0tVd2rCR8K%2F2B8FejHtKQ%3D%3D,Postulación Activa
30/5/2024,Halo Media,https://www.linkedin.com/company/halo-media/life?lipi=urn%3Ali%3Apage%3Ad\_flagship3\_search\_srp\_jobs%3B82UyDxaPR3uIzG80MhSyOw%3D%3D,Postulación Activa
4/6/2024,4/6/24,,Postulación Activa
4/6/2024,Tecnologias bi,https://www.linkedin.com/jobs/view/3940192304/?alternateChannel=search&refId=Sfw%2BdCQrfbjV%2BrBC7NynIg%3D%3D&trackingId=r2H3BdNmx7wSf6eGTCkz2Q%3D%3D&trk=d\_flagship3\_postapply\_default\_confirmation&lipi=urn%3Ali%3Apage%3Ad\_flagship3\_search\_srp\_jobs%3BNiHge7MUQ1%2BBj3PJbOVbxg%3D%3D,Postulación Activa
4/6/2024,Frontspin,https://www.linkedin.com/jobs/view/3938608580/?alternateChannel=search&refId=Sfw%2BdCQrfbjV%2BrBC7NynIg%3D%3D&trackingId=FW0cLNwrD4WwzQ2V6ZcQWQ%3D%3D&trk=d\_flagship3\_search\_srp\_jobs&lipi=urn%3Ali%3Apage%3Ad\_flagship3\_search\_srp\_jobs%3BNiHge7MUQ1%2BBj3PJbOVbxg%3D%3D,Postulación Activa
4/6/2024,Asociacion mutual de proteccion familiar FE,https://www.linkedin.com/jobs/view/3935312381/?alternateChannel=search&refId=Sfw%2BdCQrfbjV%2BrBC7NynIg%3D%3D&trackingId=eyR4c3FHI36OMH5fUMe1Bg%3D%3D&trk=d\_flagship3\_search\_srp\_jobs&lipi=urn%3Ali%3Apage%3Ad\_flagship3\_search\_srp\_jobs%3BxyIhBpRZQJaFQk6IgpiQbw%3D%3D,Postulación Activa
4/6/2024,Pinatro,https://www.linkedin.com/jobs/view/3941561114/?alternateChannel=search&refId=Sfw%2BdCQrfbjV%2BrBC7NynIg%3D%3D&trackingId=f06GravaC8Gioz6XUKxc7g%3D%3D&trk=d\_flagship3\_search\_srp\_jobs&lipi=urn%3Ali%3Apage%3Ad\_flagship3\_search\_srp\_jobs%3Bhk9ZQi4ETT2wF9Khz2eJ4g%3D%3D,Postulación Activa
4/6/2024,The Ledger law firm,https://www.linkedin.com/jobs/view/3935144667/?alternateChannel=search&refId=4mrtYPpvSBt9QGD%2FomyWGg%3D%3D&trackingId=1hiYnBC4iZBAhP2D0guKBg%3D%3D&trk=d\_flagship3\_postapply\_default\_confirmation&lipi=urn%3Ali%3Apage%3Ad\_flagship3\_search\_srp\_jobs%3Bls9OgPBsSoC5DH%2FIQdtsww%3D%3D,Postulación Activa
4/6/2024,Educacion IT- We Plan,https://www.linkedin.com/jobs/view/3941485760/?alternateChannel=search&refId=4mrtYPpvSBt9QGD%2FomyWGg%3D%3D&trackingId=J42PaKGbQ40ZB5%2FYXTYVcA%3D%3D&trk=d\_flagship3\_search\_srp\_jobs&lipi=urn%3Ali%3Apage%3Ad\_flagship3\_search\_srp\_jobs%3Bls9OgPBsSoC5DH%2FIQdtsww%3D%3D,Postulación Activa
5/6/2024,Global Points,https://consop.bitrix24.site/crm_form_csruc/,Postulación Activa
5/6/2024,Kiura,https://www.linkedin.com/jobs/view/3941907124/?alternateChannel=search&refId=HiQZRSmQrZBwaeHw0PAKqQ%3D%3D&trackingId=lzlvamFbnqOtHh0AynkYVQ%3D%3D&trk=d\_flagship3\_search\_srp\_jobs&lipi=urn%3Ali%3Apage%3Ad\_flagship3\_search\_srp\_jobs%3B%2BRi39LnoQXWqXTLDYuR8GQ%3D%3D,Postulación Activa
5/6/2024,OneInfo Consulting,https://www.linkedin.com/company/oneinfo-consulting/life?lipi=urn%3Ali%3Apage%3Ad\_flagship3\_search\_srp\_jobs%3BJXnRFjNER1aTiF0kIe92aw%3D%3D,Postulación Activa
5/6/2024,Growketing,https://www.linkedin.com/jobs/view/3940932253/?alternateChannel=search&refId=Glsi9B%2BcvXvop23JMYRh%2Bw%3D%3D&trackingId=korKvkX4rFYxOIwsz%2BOEwQ%3D%3D&trk=d\_flagship3\_search\_srp\_jobs&lipi=urn%3Ali%3Apage%3Ad\_flagship3\_search\_srp\_jobs%3BJXnRFjNER1aTiF0kIe92aw%3D%3D,Postulación Activa
5/6/2024,Movimiento CREA,https://www.linkedin.com/jobs/view/3936172556/?alternateChannel=search&refId=Hd423jELDVjhSim9co4mIA%3D%3D&trackingId=TTL2WTH1yE%2FornIdDMHFvw%3D%3D&trk=d\_flagship3\_job\_collections\_discovery\_landing&lipi=urn%3Ali%3Apage%3Ad\_flagship3\_job\_collections\_discovery\_landing%3B5LrmQroxQpKQSoHovPNxeQ%3D%3D,Postulación Activa
5/6/2024,Grupo Gestion,https://ar.computrabajo.com/ofertas-de-trabajo/oferta-de-trabajo-de-desarrollador-frontend-react-jr-zona-norte-cordoba-capital-en-cordoba-7352CA2A9F0D4C0961373E686DCF3405#lc=ListOffers-Score4-0,Postulación Activa
5/6/2024,Flexxus SA,https://ar.computrabajo.com/trabajo-de-backend?by=publicationtime#CA80EF88B0CB723D61373E686DCF3405,Postulación Activa
5/6/2024,Konexa,https://konexa.buk.cl/seleccions/0d04e7e454368afe13fa4494b5b358a056b6a83d35a18ae37d44f53ad8d9ed1720f3f6c64926d866681ac5e98262783aad5752eff5a1aa26f79bcdb1cf4eeb70/postular/verificar,Postulación Activa
6/6/2024,Adclic Hosting,https://ar.computrabajo.com/ofertas-de-trabajo/oferta-de-trabajo-de-desarrollador-programador-programador-web-en-posadas-D82232B4BECA94C261373E686DCF3405#lc=ListOffers-Score4-0,Postulación Activa
6/6/2024,Valente,https://ar.computrabajo.com/ofertas-de-trabajo/oferta-de-trabajo-de-programador-web-con-experiencia-en-mendoza-D8997A59B53A3AE761373E686DCF3405#lc=ListOffers-Score4-0,Postulación Activa
6/6/2024,TEKNE CONSULTING SRL,https://ar.indeed.com/viewjob?jk=205eeb6e8574fc76&tk=1hubhpdssjorh800&from=serp&vjs=3,Postulación Activa
6/6/2024,Jan startup,https://jobgether.com/offer/66575a0c3c315e67a203ad70-junior-software-engineer,Postulación Activa
7/6/2024,Haciendola,https://www.linkedin.com/jobs/view/3933336640/?alternateChannel=search&refId=MoYi56vRgBFx58noeOFN2A%3D%3D&trackingId=%2F8Ld2Q8XTCMW1E5ehX4Q0Q%3D%3D&trk=d\_flagship3\_search\_srp\_jobs&lipi=urn%3Ali%3Apage%3Ad\_flagship3\_search\_srp\_jobs%3BEVQJluJ%2FSS%2BmO0t8dp25pQ%3D%3D,Postulación Activa
7/6/2024,Whippy,https://www.linkedin.com/jobs/view/3944558339/?alternateChannel=search&refId=MoYi56vRgBFx58noeOFN2A%3D%3D&trackingId=VLXkwk9RkzdYRTemHr8sPA%3D%3D&trk=d\_flagship3\_postapply\_immediate\_premium&lipi=urn%3Ali%3Apage%3Ad\_flagship3\_search\_srp\_jobs%3BdrtdwgMpQVqB0aleq2qRhA%3D%3D,Postulación Activa
7/6/2024,Builders,https://www.linkedin.com/jobs/view/3943509524/?alternateChannel=search&refId=nse%2FEDO1%2FI0DxJUFMgZXqQ%3D%3D&trackingId=hg%2BOSEXT2iWuUygefq7gjg%3D%3D&trk=d\_flagship3\_search\_srp\_jobs&lipi=urn%3Ali%3Apage%3Ad\_flagship3\_search\_srp\_jobs%3BdrtdwgMpQVqB0aleq2qRhA%3D%3D,Postulación Activa
10/6/2024,Scale Up,https://recruiterflow.com/ScaleUp-JobOpportunities/jobs/23?source=linkedin_basic&utm_channel=recruiterflow-posting&location=4,Postulación Activa
10/6/2024,Telecom,https://empleos.telecom.com.ar/job/Full-Stack-Software-Developer/1144306000/,Postulación Activa
10/6/2024,Flow Mo,https://www.linkedin.com/jobs/view/3930600831/?alternateChannel=search&refId=PWCcTeXzu25%2BPsGMIU0Eww%3D%3D&trackingId=i6fA73KjgraDojZsTb%2BvUQ%3D%3D&trk=d\_flagship3\_search\_srp\_jobs&lipi=urn%3Ali%3Apage%3Ad\_flagship3\_search\_srp\_jobs%3Bd8%2FxoYL0TPCPeGPdq%2Bn4zQ%3D%3D,Postulación Activa
10/6/2024,SOOFT,https://sooftglobal.hiringroom.com/jobs/get_vacancy/66509fd147814ec91eae1c74?source=linkedinjobs,Postulación Activa
10/6/2024,Stori,https://www.linkedin.com/jobs/view/3924909171/?alternateChannel=search&refId=5m5tSMosw%2BEHPM5e%2F7irOA%3D%3D&trackingId=A%2BohAe6k2G6VthBGhb%2Bq%2Fg%3D%3D&trk=d\_flagship3\_search\_srp\_jobs&lipi=urn%3Ali%3Apage%3Ad\_flagship3\_search\_srp\_jobs%3Bd8%2FxoYL0TPCPeGPdq%2Bn4zQ%3D%3D,Postulación Activa
11/6/2024,Fulltimeforce,https://www.getonbrd.com/jobs/programming/fullstack-developer-fulltimeforce-remote-2bf7,Postulación Activa
11/6/2024,Viewstats,https://www.linkedin.com/jobs/view/3945626031/?alternateChannel=search&refId=5GMI9cXDr5eWztZWeaj6GA%3D%3D&trackingId=z79CD2Dfgyym9MU1IKncVA%3D%3D&trk=d\_flagship3\_postapply\_default\_confirmation&lipi=urn%3Ali%3Apage%3Ad\_flagship3\_search\_srp\_jobs%3BtqKikzA4Qp2neMKAvMglFA%3D%3D,Postulación Activa
11/6/2024,The Life Time value co.,https://www.linkedin.com/jobs/view/3947425494/?alternateChannel=search&refId=5GMI9cXDr5eWztZWeaj6GA%3D%3D&trackingId=H3I15te1zR%2B80iE6%2Bodh4w%3D%3D&trk=d\_flagship3\_postapply\_default\_confirmation&lipi=urn%3Ali%3Apage%3Ad\_flagship3\_search\_srp\_jobs%3Bl%2B%2FAHz87Rz6tz1yMjzbvlA%3D%3D,Postulación Activa
12/6/2024,ADN - Ivan Perichon,https://www.linkedin.com/feed/update/urn:li:activity:7206279116252147712/,Postulación Activa
12/6/2024,System Soft Technologies,https://www.linkedin.com/jobs/view/3947260523/?alternateChannel=search&refId=OjlSqG%2FUvHLb8TqzY5Z0Qw%3D%3D&trackingId=imJewouIUshCs%2BHtI%2FO6yQ%3D%3D&trk=d\_flagship3\_search\_srp\_jobs&lipi=urn%3Ali%3Apage%3Ad\_flagship3\_search\_srp\_jobs%3BZ%2FL8vuVUTw2AcgDXjI8FEA%3D%3D,Postulación Activa
12/6/2024,Communities .Technology,https://www.linkedin.com/jobs/view/3937222047/?alternateChannel=search&refId=pzzAK4GLv1M6gHRz2Yl%2BMw%3D%3D&trackingId=SMggeXIm6%2BkJ1VG8LfFJjg%3D%3D&trk=d\_flagship3\_postapply\_default\_confirmation&lipi=urn%3Ali%3Apage%3Ad\_flagship3\_search\_srp\_jobs%3BxmA%2Bu8FSR9%2BgeVnnylWWMA%3D%3D,Postulación Activa
12/6/2024,Builders - Job Board,"[https://www.glassdoor.com.ar/job-listing/fullstack-engineer-builders-job-boards-JV_IC2242084_KO0,Postulación Activa,38.htm?jl=1009318775438&src=GD_JOB_AD&uido=11ECDAD2E0E3F29A4C47A1405F49D59A&ao=1136043&jrtk=5-yul1-0-1i06d62ask7uu801-a66f85b8e7126c23&cs=1_1ce0e22e&s=58&t=SR&pos=104&guid=000001900cd3086892132bfaf66bdbd6&jobListingId=1009318775438&ea=1&vt=w&cb=1718202153207&ctt=1718202515525](https://www.glassdoor.com.ar/job-listing/fullstack-engineer-builders-job-boards-JV_IC2242084_KO0,18_KE19,38.htm?jl=1009318775438&src=GD_JOB_AD&uido=11ECDAD2E0E3F29A4C47A1405F49D59A&ao=1136043&jrtk=5-yul1-0-1i06d62ask7uu801-a66f85b8e7126c23&cs=1_1ce0e22e&s=58&t=SR&pos=104&guid=000001900cd3086892132bfaf66bdbd6&jobListingId=1009318775438&ea=1&vt=w&cb=1718202153207&ctt=1718202515525 'smartCard-inline')",Postulaciones realizadas
12/6/2024,Builders - Base,"[https://www.glassdoor.com.ar/job-listing/fullstack-engineer-builders-base-JV\_IC2242084\_KO0,Postulación Activa,32.htm?jl=1009310690165&src=GD\_JOB\_AD&uido=11ECDAD2E0E3F29A4C47A1405F49D59A&ao=1136043&jrtk=5-yul1-0-1i06d62ask7uu801-1e8d68d83d17a4a0&cs=1\_b5ffd001&s=58&t=SR&pos=105&guid=000001900cd3086892132bfaf66bdbd6&jobListingId=1009310690165&ea=1&vt=w&cb=1718202075638&ctt=1718202907509](https://www.glassdoor.com.ar/job-listing/fullstack-engineer-builders-base-JV_IC2242084_KO0,18_KE19,32.htm?jl=1009310690165&src=GD_JOB_AD&uido=11ECDAD2E0E3F29A4C47A1405F49D59A&ao=1136043&jrtk=5-yul1-0-1i06d62ask7uu801-1e8d68d83d17a4a0&cs=1_b5ffd001&s=58&t=SR&pos=105&guid=000001900cd3086892132bfaf66bdbd6&jobListingId=1009310690165&ea=1&vt=w&cb=1718202075638&ctt=1718202907509 '‌')",Postulaciones realizadas
13/6/2024,Alcor,https://www.linkedin.com/jobs/view/3948506298/?alternateChannel=search&refId=%2BO0Ida4FpDvKQ4%2FW0QCAoA%3D%3D&trackingId=I4ejWdgeTC5L47B7AJCFHg%3D%3D&trk=d\_flagship3\_search\_srp\_jobs&lipi=urn%3Ali%3Apage%3Ad\_flagship3\_search\_srp\_jobs%3Bk94fGDOORHe9S2mKyGSX4g%3D%3D,Postulación Activa
13/6/2024,Develops Today FS,https://jobs.develops.today/jobs/full-stack-javascript-developer,Postulación Activa
13/6/2024,Develops Today FE,https://jobs.develops.today/jobs/react-developer,Postulación Activa
13/6/2024,Workling,https://www.linkedin.com/jobs/view/3944494339/,Postulación Activa
13/6/2024,Nexbu,https://www.linkedin.com/jobs/view/3947707881/?alternateChannel=search&refId=%2BO0Ida4FpDvKQ4%2FW0QCAoA%3D%3D&trackingId=NnAtSKI3cX%2BowzKWi0ofQw%3D%3D&trk=d\_flagship3\_search\_srp\_jobs&lipi=urn%3Ali%3Apage%3Ad\_flagship3\_search\_srp\_jobs%3BUyJ2VrW2Qd6AuiSD31rshA%3D%3D,Postulación Activa
13/6/2024,One Info Consulting BE,https://www.linkedin.com/jobs/view/3944076314/?alternateChannel=search&refId=%2BO0Ida4FpDvKQ4%2FW0QCAoA%3D%3D&trackingId=X7SwjnYYCdCXA667AGV%2FZw%3D%3D&trk=d\_flagship3\_search\_srp\_jobs&lipi=urn%3Ali%3Apage%3Ad\_flagship3\_search\_srp\_jobs%3B%2BdezVcabSOiIWsKZ4WS3ag%3D%3D,Postulación Activa
14/6/2024,Tech Hunting,https://techunting.viterbit.site/full-stack-developer-node-react-QSrsFNLDxZib/apply/,Postulación Activa
17/6/2024,WebStarted,https://docs.google.com/forms/d/e/1FAIpQLSc08NV6d7nX4Nl-FLBHM-8oCO3by9mqQg7LMlaihmo18RZ01Q/viewform?pli=1,Postulación Activa
17/6/2024,Nonconformist,https://www.linkedin.com/jobs/view/3949359424/?alternateChannel=search&refId=qIlIMQ8Lz2YHhbgeEjTiag%3D%3D&trackingId=7UYvheaGAfOaGGJbyIFp%2Fw%3D%3D&trk=d\_flagship3\_postapply\_immediate\_premium&lipi=urn%3Ali%3Apage%3Ad\_flagship3\_search\_srp\_jobs%3BGGdlXgqmSUudKxcUE5lscA%3D%3D,Postulación Activa
17/6/2024,Value Labs,https://www.linkedin.com/jobs/view/3948446459/?alternateChannel=search&refId=qIlIMQ8Lz2YHhbgeEjTiag%3D%3D&trackingId=i7I87ldj6tftT%2Binq96n0w%3D%3D&trk=d\_flagship3\_postapply\_default\_confirmation&lipi=urn%3Ali%3Apage%3Ad\_flagship3\_search\_srp\_jobs%3BzQ0LsaEkRN%2BWh442sM%2F8RA%3D%3D,Postulación Activa
17/6/2024,Nisum FE,https://jobs.lever.co/nisum/73c45335-0a7b-45f9-bf18-0ce3cb3187e8/apply?lever-source=Job%20postings%20feed,Postulación Activa
17/6/2024,Telecom,https://empleos.telecom.com.ar/job/Publicaci%C3%B3n-exclusiva-para-programa-de-referidos-de-Telecom/977319000/?from=email&refid=22968330400&utm_source=J2WEmail&source=2&eid=160600-202456170156-29552280200&locale=es_ES,Postulación Activa
18/6/2024,In Media,https://inallmedia-llc.breezy.hr/p/355cb2606c73-ff-fullstack-developer--react-node,Postulación Activa
18/6/2024,Stori *,https://wellfound.com/jobs/2109292-full-stack-engineer?utm_campaign=linkedin_syndication&utm_source=linkedin,Postulación Activa
18/6/2024,Jüsto,https://justo.bamboohr.com/careers/65?source=aWQ9MTk%3D,Postulación Activa
18/6/2024,Nisum FS,https://jobs.lever.co/nisum/06891915-9df4-4e07-ade1-faafbb298e6b/apply?lever-source=Job%20postings%20feed,Postulación Activa
19/6/2024,evolucioni3,https://evolucioni3.zohorecruit.com/recruit/ViewJob.na?digest=XCwYlR9%40k9AXpP8%40Js6b529gVw2b93%40f.5vg6WJiLvQ-&embedsource=LinkedIn%2BLimited%2BListings,Postulación Activa
19/6/2024,Somewhere,https://www.linkedin.com/jobs/view/3953265577/?alternateChannel=search&refId=GgVC19emtRd%2FW89gn5uDdw%3D%3D&trackingId=85lfn%2FetNbM72CohnGXkgA%3D%3D&trk=d\_flagship3\_search\_srp\_jobs&lipi=urn%3Ali%3Apage%3Ad\_flagship3\_search\_srp\_jobs%3B%2B6khffMbSSuvkVCPDOfwEQ%3D%3D,Postulación Activa
19/6/2024,Mandala Tech,https://oportunidades.mandalatech.com.ar/jobs/49875-desarrollador-node-semi-senior,Postulación Activa
19/6/2024,Artde Jobs,https://ar.computrabajo.com/trabajo-de-frontend?p=2#29F17E16F26AA05A61373E686DCF3405,Postulación Activa
19/6/2024,Guadalupe Tello Bukvic Humanitas IT,https://www.linkedin.com/company/humanitasit/,Postulación Activa
20/6/2024,Nexup,https://www.linkedin.com/jobs/view/3953756281/?alternateChannel=search&refId=8Cn02GFHrGieZD9DxKxQrg%3D%3D&trackingId=yVtc%2FtzwvH%2Fg6c4I8gNdLA%3D%3D&trk=d\_flagship3\_trust\_verifications\_hub&lipi=urn%3Ali%3Apage%3Ad\_flagship3\_search\_srp\_jobs%3BpsAsbm%2FNSyuSEiKmaEfGMA%3D%3D,Postulación Activa
20/6/2024,Jules,https://recruiterflow.com/jules/jobs/167?source=linkedin_basic&utm_channel=recruiterflow-posting&location=51,Postulación Activa
20/6/2024,Solis Lab,https://solislab.freshteam.com/jobs/bA5bJHOCvSm8/front-end-web-developer-remote-south-america?ft_source=6000294215&ft_medium=6000242871,Postulación Activa
20/6/2024,Agostina Marassa,https://www.linkedin.com/feed/hashtag/?keywords=hiring&highlightedUpdateUrns=urn%3Ali%3Aactivity%3A7209305879731445760 '‌',Postulación Activa
21/6/2024,DataArt,https://www.dataart.team/es/vacancies/NJS00061,Postulación Activa
21/6/2024,Vanessa Brito Montilla,https://www.linkedin.com/feed/hashtag/?keywords=argentina&highlightedUpdateUrns=urn%3Ali%3Aactivity%3A7209652514877526016 ,Postulación Activa
24/6/2024,Ex Squared Latam,https://www.linkedin.com/jobs/view/3757809130/?a,Postulación Activa
24/6/2024,Motum,https://www.linkedin.com/jobs/view/3932624899/?alternateChannel=search&refId=2bTH%2BFFvw6kfiSeabMJcCQ%3D%3D&trackingId=pHRaZ8XSKe07SsS6aAZ8Pw%3D%3D&trk=d\_flagship3\_job\_collections\_discovery_landing,Postulación Activa
25/6/2024,Kiura,https://www.linkedin.com/posts/kiura_%C3%BAnete-a-kiura-y-potencia-tu-carrera-en-activity-7211036864722456576-bMWt/?utm_source=share&utm_medium=member_android,Postulación Activa
25/6/2024,Hirefy,https://www.linkedin.com/jobs/view/3958410622/?alternateChannel=search&refId=qaTw8uCW0pw1zIRu5%2FColA%3D%3D&trackingId=yPdCIfOFNgz2Zv7MG5Vbvg%3D%3D&trk=d\_flagship3\_postapply\_immediate\_premium&lipi=urn%3Ali%3Apage%3Ad\_flagship3\_search\_srp\_jobs%3BbQOg6XV3Qk2tTmCgS6L%2B0g%3D%3D,Postulación Activa
25/6/2024,Vates FE 1338,https://careers.vates.com/jobs/ui-frontend-developer-ref-1338?displayed_form=true,Postulación Activa
25/6/2024,Pomelo,https://pomelo.la/ar/postulate/?4747219004=&gh_jid=4747219004&gh_src=2e336bf44us,Postulación Activa
25/6/2024,Breezy Talent,https://www.linkedin.com/jobs/view/3956546609/?alternateChannel=search&refId=MzR83qWcoJt7bArXY71JWQ%3D%3D&trackingId=6F3Apw%2FDGTVU5VuedEEQVw%3D%3D&trk=d\_flagship3\_postapply\_immediate\_screener\_modal&lipi=urn%3Ali%3Apage%3Ad\_flagship3\_search\_srp_jobs%3BaFLkjYsGRaqlOwccRq9KRA%3D%3D,Postulación Activa
26/6/2024,HireIn Cloud,"[https://www.glassdoor.com.ar/job-listing/frontend-developer-react-hirein-cloud-JV\_IC2242084\_KO0,Postulación Activa,37.htm?jl=1009312512050&src=GD\_JOB\_AD&uido=11ECDAD2E0E3F29A4C47A1405F49D59A&ao=1136043&jrtk=5-yul1-0-1i1af2e882b58000-f6cdb2570a56da07&cs=1\_965a9477&s=58&t=SR&pos=101&guid=0000019054f138958fc4691ba3e1235e&jobListingId=1009312512050&ea=1&vt=w&cb=1719412013516&ctt=1719412145453](https://www.glassdoor.com.ar/job-listing/frontend-developer-react-hirein-cloud-JV_IC2242084_KO0,24_KE25,37.htm?jl=1009312512050&src=GD_JOB_AD&uido=11ECDAD2E0E3F29A4C47A1405F49D59A&ao=1136043&jrtk=5-yul1-0-1i1af2e882b58000-f6cdb2570a56da07&cs=1_965a9477&s=58&t=SR&pos=101&guid=0000019054f138958fc4691ba3e1235e&jobListingId=1009312512050&ea=1&vt=w&cb=1719412013516&ctt=1719412145453 '‌')",Postulaciones realizadas
27/6/2024,B&B Consultores,https://bybconsultores.hiringroom.com/jobs/get_vacancy/666b1102f60a802a2de626b1,Postulación Activa
27/6/2024,Ensitech,https://www.getonbrd.com/jobs/fullstack-developer-ensitech-remote-130b/applications/new,Postulación Activa
27/6/2024,MyContent,https://www.linkedin.com/jobs/view/3960171666/?alternateChannel=search&refId=nG2ytCUUjc62oSS8ipYr5w%3D%3D&trackingId=hLhNpjMHt4urI1TNf4O39Q%3D%3D&trk=d\_flagship3\_postapply\_default\_confirmation&lipi=urn%3Ali%3Apage%3Ad\_flagship3\_search\_srp\_jobs%3BNTP4ycb5SfOQbkOXFJDQEA%3D%3D,Postulación Activa
28/6/2024,DBForest,https://www.linkedin.com/jobs/view/3960781721/?alternateChannel=search&refId=FWIMuSX8EgGyzXraExZxug%3D%3D&trackingId=sZDOobuk3aOXXU%2Fu8LmZ4Q%3D%3D&trk=d\_flagship3\_postapply\_default\_confirmation&lipi=urn%3Ali%3Apage%3Ad\_flagship3\_search\_srp\_jobs%3BoxE5ZjFYQyKc3Vrdk2vPaQ%3D%3D,Postulación Activa
28/6/2024,Brinta,https://www.linkedin.com/jobs/view/3960142192/?alternateChannel=search&refId=rgzXYQF%2B5Fu%2FDC9Bqri5LA%3D%3D&trackingId=xgqx97S06ReE4J6rwiuDaA%3D%3D&trk=d\_flagship3\_postapply\_default\_confirmation&lipi=urn%3Ali%3Apage%3Ad\_flagship3\_search\_srp\_jobs%3BOO9HDh2lQd6rl6UZHCOdnA%3D%3D,Postulación Activa
28/6/2024,Hire with Near,https://recruitcrm.io/es/apply/17194985409990054056kSV,Postulación Activa
28/6/2024,Empresa Fintech / Florencia Bragagnolo,https://www.linkedin.com/jobs/view/3961522935/?alternateChannel=search&refId=NotAvailable&trackingId=u%2B7I5EaKTmKQ%2Bbf3R5o6Cg%3D%3D&trk=d\_flagship3\_postapply\_default\_confirmation&lipi=urn%3Ali%3Apage%3Ad\_flagship3\_search\_srp\_jobs%3BotuP%2FIP9T0aaDgJpPhxI4Q%3D%3D,Postulación Activa
1/7/2024,Vates FS 1344,https://careers.vates.com/jobs/fullstack-developer-ref-1344?displayed_form=true,Postulación Activa
1/7/2024,Dev.Pro,https://www.linkedin.com/jobs/view/3954525022/?alternateChannel=search&refId=slsPEateaxJzi4Yfi4AlmA%3D%3D&trackingId=SkYGcHAp5gFmqKGnvYK%2B8A%3D%3D&trk=d\_flagship3\_postapply\_verification&lipi=urn%3Ali%3Apage%3Ad\_flagship3\_job\_collections\_discovery\_landing%3BUFR5cWAERAGhgiG7%2FqFwuQ%3D%3D,Postulación Activa
2/7/2024,Evaluar RRHH,https://www.linkedin.com/jobs/view/3964820664/?alternateChannel=search&refId=Lrs30vjorwYkXAFNfMjC2w%3D%3D&trackingId=%2FDp4PTLp6YtFVkB4wtXQBQ%3D%3D&trk=d\_flagship3\_search\_srp\_jobs&lipi=urn%3Ali%3Apage%3Ad\_flagship3\_search\_srp\_jobs%3B2%2BgDimmCRJO%2FpMVyoy6eUA%3D%3D,Postulación Activa
2/7/2024,OZ,https://www.linkedin.com/jobs/view/3963434042/?alternateChannel=search&refId=LmPSarLOsReg9f7UFQV8hQ%3D%3D&trackingId=Hz2l48hmxgaftebyH0Jzcg%3D%3D&trk=d\_flagship3\_postapply\_premium\_top\_choice&lipi=urn%3Ali%3Apage%3Ad\_flagship3\_search\_srp_jobs%3BizvNzKqLRgSF1RG5pA8XQg%3D%3D,Postulación Activa
2/7/2024,Automoviles San Jorge,https://automvilessan-jorge-sa.pandape.computrabajo.com/Apply/6977404,Postulación Activa
3/7/2024,Agustina Urdapilleta - The Agency IT,https://www.linkedin.com/posts/agustinaurdapilleta_vengo-con-una-vacante-junior-si-si-j-u-n-activity-7214011036465586176-Z-3Z/?utm_source=share&utm_medium=member_desktop,Postulación Activa
3/7/2024,Lucia Torres,https://www.linkedin.com/feed/update/urn:li:activity:7214015667769909248/,Postulación Activa
3/7/2024,Lisit,https://www.getonbrd.com/jobs/programming/desarrollador-front-end-lisit-remote-bcad,Postulación Activa
3/7/2024,Buk,https://www.getonbrd.com/jobs/ux-engineer-buk-remote-23fc/applications/new?ref=myjobs,Postulación Activa
3/7/2024,Coderland By Dominion,https://www.getonbrd.com/jobs/junior-typescript-developer-dominion-remote/applications/new?ref=myjobs,Postulación Activa
3/7/2024,Innomar,https://www.innomar.cl/post/desarrollador-front-end,Postulación Activa
4/7/2024,Phinx Labs,https://www.linkedin.com/jobs/view/3966582589/?alternateChannel=search&refId=qumlbzIDBcSuaVi4AULISw%3D%3D&trackingId=XqNsZnUAGSomi3OfsXWR1A%3D%3D&trk=d\_flagship3\_postapply\_immediate\_premium&lipi=urn%3Ali%3Apage%3Ad\_flagship3\_search\_srp\_jobs%3BgiQm6lsWRha0%2B6jbWXg1mw%3D%3D,Postulación Activa
4/7/2024,Acquisition AI,https://www.linkedin.com/jobs/view/3964468308/?alternateChannel=search&refId=OiT03dFrQmoreCmMC2Y5VQ%3D%3D&trackingId=1%2Fjr7TpkKV0uiTEYou4oPg%3D%3D&trk=d\_flagship3\_postapply\_default\_confirmation&lipi=urn%3Ali%3Apage%3Ad\_flagship3\_search\_srp\_jobs%3BIr2yWplyTgi4bOCBl7Rn5A%3D%3D,Postulación Activa
4/7/2024,Noxie Store,https://www.linkedin.com/jobs/view/3965958702/?alternateChannel=search&refId=VZ6JOu4F7ekMzCa2sz0Z1Q%3D%3D&trackingId=53JXVG%2FxxhzNLXfI7gniiA%3D%3D&trk=d\_flagship3\_postapply\_default\_confirmation&lipi=urn%3Ali%3Apage%3Ad\_flagship3\_job\_collections\_discovery_landing%3BaoMxJm1sRq2bZSJ5y9RW6w%3D%3D,Postulación Activa
4/7/2024,Axioma IT Solutions S.R.L.,https://www.linkedin.com/feed/update/urn:li:activity:7214279154735693825/,Postulación Activa
5/7/2024,Growketing,https://www.linkedin.com/jobs/view/3967664251/,Postulación Activa
5/7/2024,Wink-IT,https://www.linkedin.com/posts/wink-it_desarrollador-jr-fontend-activity-7214598836248313856-34kP/?utm_source=share&utm_medium=member_desktop,Postulación Activa
5/7/2024,Salvo IT,https://www.linkedin.com/jobs/view/3966942614/?alternateChannel=search&refId=juHdXF6EpYCD307bPQQc9A%3D%3D&trackingId=mYJByt7RG2wNJdGY8k5snw%3D%3D&trk=d\_flagship3\_postapply\_default\_confirmation&lipi=urn%3Ali%3Apage%3Ad\_flagship3\_search\_srp\_jobs%3BNUTD0XLHTFK4k8N0dyseEg%3D%3D,Postulación Activa
5/7/2024,CIOM,https://www.linkedin.com/jobs/view/3966977171/?alternateChannel=search&refId=w8ALcqprWUjy00tCP%2BLudQ%3D%3D&trackingId=ldlC3zxelWdklF7scsUNhw%3D%3D&trk=d\_flagship3\_postapply\_default\_confirmation&lipi=urn%3Ali%3Apage%3Ad\_flagship3\_search\_srp\_jobs%3BONVlODrMQnC5KTpET1nvzg%3D%3D,Postulación Activa
8/7/2024,Nexup,https://www.linkedin.com/jobs/view/3969080496/?alternateChannel=search&refId=TsiTJ%2Bk13fd%2B2e%2B9sRy1rQ%3D%3D&trackingId=P0kdUnjMoUxbdaWhifcoCg%3D%3D&trk=d\_flagship3\_postapply\_default\_confirmation&lipi=urn%3Ali%3Apage%3Ad\_flagship3\_search\_srp\_jobs%3B8Rw3JsaYRr6FRsiDDwSb4Q%3D%3D,Postulación Activa
8/7/2024,Plugg Technologies,https://www.linkedin.com/jobs/view/3965475398/?alternateChannel=search&refId=NdlFUSy3PpMVf49WHbN4Jg%3D%3D&trackingId=hR5iloQhnpSg80KWCy4c1A%3D%3D&trk=d\_flagship3\_postapply\_default\_confirmation&lipi=urn%3Ali%3Apage%3Ad\_flagship3\_search\_srp\_jobs%3BJXYPEgWeRXq4V83l2SR9Gg%3D%3D,Postulación Activa
8/7/2024,InnovativeDev Global,https://interinnovacion-talent.freshteam.com/jobs/YFQ_EXCvLYOx/front-end-developer-semi-senior-remote?ft_source=5000491357&ft_medium=5000439447,Postulación Activa
9/7/2024,eJam,https://www.linkedin.com/jobs/view/3969252783/?alternateChannel=search&refId=uSTlTXmtWhBDvjnuQxm%2F8A%3D%3D&trackingId=MtCSVtkNPt0NjiOi2%2BAKsA%3D%3D&trk=d\_flagship3\_postapply\_verification&lipi=urn%3Ali%3Apage%3Ad\_flagship3\_search\_srp_jobs%3BiB0q63VqRNChuMrKaYzVfA%3D%3D,Postulación Activa
9/7/2024,Turing,https://www.linkedin.com/jobs/view/3953666025/?alternateChannel=search&refId=21eAp%2FybGnxnjtuAY61xYw%3D%3D&trackingId=aztcsbogV07LZgX8J%2BmTXQ%3D%3D&trk=d\_flagship3\_search\_srp\_jobs&lipi=urn%3Ali%3Apage%3Ad\_flagship3\_search\_srp\_jobs%3Byo5QeFXIR0%2BHqu5TZHm%2F7Q%3D%3D,Postulación Activa
10/7/2024,DOIT security,https://www.linkedin.com/jobs/view/3970621227/?alternateChannel=search&refId=MKNvMg4JO9OAfmFLLhAFyg%3D%3D&trackingId=%2FfDiNcbiyovGpEYC%2BD4ETA%3D%3D&trk=d\_flagship3\_postapply\_default\_confirmation&lipi=urn%3Ali%3Apage%3Ad\_flagship3\_search\_srp\_jobs%3BYVOm3AYOQIimV%2BWgjEfeGg%3D%3D,Postulación Activa
10/7/2024,Munka,https://www.linkedin.com/jobs/view/3971062925/?alternateChannel=search&refId=zsRy%2FVAuIEd0kzw77QubPw%3D%3D&trackingId=3ra2OqJY8UHMmWznZHs01Q%3D%3D&trk=d\_flagship3\_postapply\_default\_confirmation&lipi=urn%3Ali%3Apage%3Ad\_flagship3\_search\_srp\_jobs%3Buvqi%2B3i%2FRGSA2ilSlxdkng%3D%3D,Postulación Activa
10/7/2024,Corporate Development Group,"[https://www.glassdoor.com.ar/job-listing/front-end-developer-corporate-development-group-JV_KO0,Postulación Activa,47.htm?jl=1009338896999&src=GD_JOB_AD&uido=11ECDAD2E0E3F29A4C47A1405F49D59A&ao=1110586&jrtk=5-yul1-1-1i2efj5agkkd7801-c56ba850624b7be7---6NYlbfkN0CMSB_Xigj1D1wBitRaI0gxCABdlzI3ZRUCrVDb71sArWxdkz3tVkBXUrWm314BQ5FXcxmrVFNwOHMmXxHnogJwwkY1lSrT4ghSysAPubbmcWDdXMz-uWumwViV4fhVa3tmnkdyHSDeTiwloReMZGMh4O17TirA2anTMp3vLme1gNcU3iroVJM3U8hPNPLeu_I-6h-U6PbjM9ESVi9IDxUAw7AvfJK7ljaPPtNs22qTciUbQ9oNHE5Wb0a3OtDszeyFZd1BY5ZR3HPdNPrZijbv3qpFP2iLUDzRovDuJqyKMc7ukVPP0lH2s1bnA7jsXqCMFB3TVxZkXHheIqRyDvineChLohPEyhpWXN-5-YoYwQfaw5Gzj5mtXmg20T_YY9ghiVEC99S0vV7SvgulUEuHSbDFjanx6p7U0SEqWIxRPyCNq7uTfhYrtDhOCeeIFnnmnL5R2JbAQ1FuuETFbkL8moza1-Wfn7FGwGrTC4ek1RlrMecmKjDoNdQXI1fPJJjZRobhQNjnFIGCWjdL6E4Jda-Sb4Q__RT5-2u9OXDjOs747o18BE4wpYiI448HqPgGGW4xaknwwpxx7-wUo30B5EDBJSnsKb75uttPdd_GVC2CDXBj-xwkH-omnJpaC91rRuVQVdWPnQ%253D%253D&cs=1_f65bc18c&s=353&t=REC_JOBS&pos=102&cpc=3BA4CE39D5B5DEF5&guid=000001909cf9951482e3dc738776ed4b&jobListingId=1009338896999&ea=1&vt=w&cb=1720620521185&ctt=1720620605747](https://www.glassdoor.com.ar/job-listing/front-end-developer-corporate-development-group-JV_KO0,19_KE20,47.htm?jl=1009338896999&src=GD_JOB_AD&uido=11ECDAD2E0E3F29A4C47A1405F49D59A&ao=1110586&jrtk=5-yul1-1-1i2efj5agkkd7801-c56ba850624b7be7---6NYlbfkN0CMSB_Xigj1D1wBitRaI0gxCABdlzI3ZRUCrVDb71sArWxdkz3tVkBXUrWm314BQ5FXcxmrVFNwOHMmXxHnogJwwkY1lSrT4ghSysAPubbmcWDdXMz-uWumwViV4fhVa3tmnkdyHSDeTiwloReMZGMh4O17TirA2anTMp3vLme1gNcU3iroVJM3U8hPNPLeu_I-6h-U6PbjM9ESVi9IDxUAw7AvfJK7ljaPPtNs22qTciUbQ9oNHE5Wb0a3OtDszeyFZd1BY5ZR3HPdNPrZijbv3qpFP2iLUDzRovDuJqyKMc7ukVPP0lH2s1bnA7jsXqCMFB3TVxZkXHheIqRyDvineChLohPEyhpWXN-5-YoYwQfaw5Gzj5mtXmg20T_YY9ghiVEC99S0vV7SvgulUEuHSbDFjanx6p7U0SEqWIxRPyCNq7uTfhYrtDhOCeeIFnnmnL5R2JbAQ1FuuETFbkL8moza1-Wfn7FGwGrTC4ek1RlrMecmKjDoNdQXI1fPJJjZRobhQNjnFIGCWjdL6E4Jda-Sb4Q__RT5-2u9OXDjOs747o18BE4wpYiI448HqPgGGW4xaknwwpxx7-wUo30B5EDBJSnsKb75uttPdd_GVC2CDXBj-xwkH-omnJpaC91rRuVQVdWPnQ%253D%253D&cs=1_f65bc18c&s=353&t=REC_JOBS&pos=102&cpc=3BA4CE39D5B5DEF5&guid=000001909cf9951482e3dc738776ed4b&jobListingId=1009338896999&ea=1&vt=w&cb=1720620521185&ctt=1720620605747 'smartCard-inline')",Postulaciones realizadas
10/7/2024,One Info Consulting Dev Jr,https://hiringroom.com/jobs/get_vacancy/6683094d9391f5a99b0fe7d3/candidates/new?source=linkedinjobs#step3,Postulación Activa
10/7/2024,Flexxus FE,"[https://www.glassdoor.com.ar/job-listing/desarrollador-a-front-end-flexxus-JV\_IC2788840\_KO0,Postulación Activa,33.htm?jl=1009341057591&src=GD\_JOB\_AD&uido=11ECDAD2E0E3F29A4C47A1405F49D59A&ao=1136043&jrtk=5-yul1-1-1i2egf58fkt97803-9b7cabda56081cec&cs=1\_a0576962&s=353&t=REC_JOBS&pos=115&guid=000001909d0794c2918ecaf1b915417f&jobListingId=1009341057591&ea=1&vt=w&cb=1720621438589&ctt=1720622494349](https://www.glassdoor.com.ar/job-listing/desarrollador-a-front-end-flexxus-JV_IC2788840_KO0,25_KE26,33.htm?jl=1009341057591&src=GD_JOB_AD&uido=11ECDAD2E0E3F29A4C47A1405F49D59A&ao=1136043&jrtk=5-yul1-1-1i2egf58fkt97803-9b7cabda56081cec&cs=1_a0576962&s=353&t=REC_JOBS&pos=115&guid=000001909d0794c2918ecaf1b915417f&jobListingId=1009341057591&ea=1&vt=w&cb=1720621438589&ctt=1720622494349 '‌')",Postulaciones realizadas
11/7/2024,Kelsus,https://www.linkedin.com/jobs/view/3934960708/?alternateChannel=search&refId=Js1C8BYGpAb2H3TkmU472Q%3D%3D&trackingId=oJ5ZZFXxpeL%2Ba7r1yOV9uw%3D%3D&trk=d\_flagship3\_job\_collections\_discovery\_landing&lipi=urn%3Ali%3Apage%3Ad\_flagship3\_job\_collections\_discovery\_landing%3BM5IdTlmKSA2wzl%2FxAHI2zw%3D%3D,Postulación Activa
11/7/2024,ITSM Consulting,https://ar.indeed.com/viewjob?jk=c615861cc2a50080&tk=1i074lgs6jfkn80l&from=serp&vjs=3,Postulación Activa
12/7/2024,Workia,https://www.linkedin.com/jobs/view/3971030559/?alternateChannel=search&refId=FBIULHXnT6NQuONOuaIXQA%3D%3D&trackingId=%2Fe%2FPOwMnvGrSg7gnSvyrpQ%3D%3D&trk=d\_flagship3\_job\_collections\_discovery\_landing&lipi=urn%3Ali%3Apage%3Ad\_flagship3\_job\_collections\_discovery\_landing%3BDWu6SOdQScmL7PJbLJ2pdg%3D%3D,Postulación Activa
12/7/2024,ArionKoder,https://jobgether.com/offer/65c5d513bc35f3de83862ada-frontend-react-engineer,Postulación Activa
15/7/2024,Vates FS 1345,https://www.linkedin.com/jobs/view/3974382773/?alternateChannel=search&refId=QZ6kbq5xKmzIx9IcAenC5w%3D%3D&trackingId=sIWcNKvh4vfanEk6mZ6Ovg%3D%3D&trk=d\_flagship3\_search\_srp\_jobs&lipi=urn%3Ali%3Apage%3Ad\_flagship3\_search\_srp\_jobs%3Bhq3o4LseQ6Ci89z%2BqUiWTA%3D%3D,Postulación Activa
15/7/2024,Magoya,https://www.linkedin.com/jobs/view/3975206201/?alternateChannel=search&refId=2Hr7UMCEsLqr5rwi5OJXdg%3D%3D&trackingId=IHvlzg1Ed6wrswidIQmKgw%3D%3D&trk=d\_flagship3\_postapply\_default\_confirmation&lipi=urn%3Ali%3Apage%3Ad\_flagship3\_job\_collections\_discovery_landing%3BPACdR11yTCi89GZNlCfeXw%3D%3D,Postulación Activa
15/7/2024,Mir Yelicich - Hutrit - PE,,Postulación Activa
16/7/2024,Somos HUB,https://www.linkedin.com/posts/somoshubmdz_frontendjunior-desarrolloweb-mendoza-activity-7216158701160701952-emNT/?utm_source=share&utm_medium=member_desktop,Postulación Activa
16/7/2024,Concentrix Catalyst,https://www.linkedin.com/jobs/view/3975653432/?alternateChannel=search&refId=9het%2FWF7z2P3HMw0DdZSLg%3D%3D&trackingId=xmevPdLr4XuxnZVzT0QFTA%3D%3D&trk=d\_flagship3\_search\_srp\_jobs&lipi=urn%3Ali%3Apage%3Ad\_flagship3\_search\_srp\_jobs%3B7vYFo5oJQI%2B1P%2BCTzxOv9w%3D%3D,Postulación Activa
16/7/2024,The Life Time Value co. BE,https://www.linkedin.com/jobs/view/3975656025/?alternateChannel=search&refId=AkeDMFy3WPvwCCEIssQqGg%3D%3D&trackingId=0%2FNRoHvrT5tWIRJDCcxeYw%3D%3D&trk=d\_flagship3\_postapply\_verification&lipi=urn%3Ali%3Apage%3Ad\_flagship3\_search\_srp_jobs%3BkWgKxQGTSh%2BFiyQ1t62ETw%3D%3D,Postulación Activa
17/7/2024,Grupo Abans,https://www.linkedin.com/jobs/view/3978005987/?alternateChannel=search&refId=EDBN2GvWvlQIKN0hAgHgpw%3D%3D&trackingId=W9gWAcCLsMfA5S7JiaclsQ%3D%3D&trk=d\_flagship3\_search\_srp\_jobs&lipi=urn%3Ali%3Apage%3Ad\_flagship3\_search\_srp\_jobs%3BeJg0PQllTjaE02BJh1ganw%3D%3D,Postulación Activa
17/7/2024,SHIFTA,https://www.linkedin.com/jobs/view/3973306856/?alternateChannel=search&refId=awAwzj8CVilLC04iFtaSJg%3D%3D&trackingId=T4DufJODnyCFbhbrU%2Flrmw%3D%3D&trk=d\_flagship3\_postapply\_premium\_top\_choice&lipi=urn%3Ali%3Apage%3Ad\_flagship3\_job\_collections\_discovery\_landing%3Bhe0vfWnVTPSbO1JGuXpf7Q%3D%3D,Postulación Activa
17/7/2024,Win Colombia,"[https://www.glassdoor.com.ar/job-listing/desarrollador-full-stack-junior-win-colombia-JV_IC2821607_KO0,Postulación Activa,44.htm?jl=1009365965487&src=GD_JOB_AD&uido=11ECDAD2E0E3F29A4C47A1405F49D59A&ao=1136043&jrtk=5-yul1-1-1i30fftvrmsn9803-03852fe341f78fab&cs=1_ceb36072&s=353&t=REC_JOBS&pos=111&guid=00000190c0f7f7c38794e309a82f2f06&jobListingId=1009365965487&ea=1&vt=w&cb=1721224395075&ctt=1721224687504](https://www.glassdoor.com.ar/job-listing/desarrollador-full-stack-junior-win-colombia-JV_IC2821607_KO0,31_KE32,44.htm?jl=1009365965487&src=GD_JOB_AD&uido=11ECDAD2E0E3F29A4C47A1405F49D59A&ao=1136043&jrtk=5-yul1-1-1i30fftvrmsn9803-03852fe341f78fab&cs=1_ceb36072&s=353&t=REC_JOBS&pos=111&guid=00000190c0f7f7c38794e309a82f2f06&jobListingId=1009365965487&ea=1&vt=w&cb=1721224395075&ctt=1721224687504 'smartCard-inline')",Postulaciones realizadas
17/7/2024,The Life Time Value Co. FS Jr.,https://ltv.applytojob.com/apply/lx1U7LqdCe/Jr-Full-Stack-Engineer?source=INDE&~,Postulación Activa
18/7/2024,evolucioni3.com,https://www.linkedin.com/jobs/view/3978685802/?alternateChannel=search&refId=z%2FX2NJOq9aEbtVPmmxBZcA%3D%3D&trackingId=dHRVesHmsESX9ChA1wZ1tg%3D%3D&trk=d\_flagship3\_search\_srp\_jobs&lipi=urn%3Ali%3Apage%3Ad\_flagship3\_search\_srp\_jobs%3BuprrjAnKTKWDKmK%2BJWp%2FgA%3D%3D,Postulación Activa
18/7/2024,Alto,https://www.linkedin.com/jobs/view/3978595229/?alternateChannel=search&refId=z%2FX2NJOq9aEbtVPmmxBZcA%3D%3D&trackingId=CHGgt2%2Foky4fd3m%2FEQ3puQ%3D%3D&trk=d\_flagship3\_postapply\_default\_confirmation&lipi=urn%3Ali%3Apage%3Ad\_flagship3\_search\_srp\_jobs%3BTH1rycjWR1ekpyf9Avls6w%3D%3D,Postulación Activa
18/7/2024,Happy Agencies,https://happyagencies.zohorecruit.com/jobs/Careers/766081000000537057/React-Developer-Specialist?source=LinkedIn-Basic&embedsource=LinkedIn%2BLimited%2BListings,Postulación Activa
19/7/2024,Ludik,https://form.typeform.com/to/hlTj9fP3?typeform-source=www.linkedin.com#canal=ln,Postulación Activa
19/7/2024,Yape,https://www.linkedin.com/jobs/view/3976367565/?alternateChannel=search&refId=K%2FOqEmGDoT%2BuyfE%2Fna0MNQ%3D%3D&trackingId=c5V2Jo0gwP0s54PY9EEfTg%3D%3D&trk=d\_flagship3\_search\_srp\_jobs&lipi=urn%3Ali%3Apage%3Ad\_flagship3\_search\_srp\_jobs%3BJqXzcpCJTuK1g7fpSP5eyg%3D%3D,Postulación Activa
19/7/2024,SomosHub,https://www.linkedin.com/posts/somoshubmdz_frontendjunior-desarrolloweb-mendoza-activity-7216158701160701952-emNT/?utm_source=share&utm_medium=member_ios,Postulación Activa
22/7/2024,Definity First,https://www.glassdoor.com.ar/partner/jobListing.htm?pos=102&ao=1136043&s=353&guid=00000190dacc5bee9c82639d74d2e659&src=GD_JOB_AD&t=REC_JOBS&vt=w&uido=11ECDAD2E0E3F29A4C47A1405F49D59A&ea=1&cs=1_72197c7c&cb=1721657744845&jobListingId=1009368158686&jrtk=5-yul1-1-1i3dcon1rip9o801-38cbc86fa8bd0e82,Postulación Activa
22/7/2024,idearHumano,https://ar.computrabajo.com/trabajo-de-frontend#EF043889B8A58ACD61373E686DCF3405,Postulación Activa
23/7/2024,Auravant,https://www.linkedin.com/jobs/view/3978118108/?alternateChannel=search&refId=lWILKUtrj0UK3G8bpkdXYg%3D%3D&trackingId=KmbGo9HUUcStvu6KgBwPcg%3D%3D&trk=d\_flagship3\_job\_details&lipi=urn%3Ali%3Apage%3Ad\_flagship3\_job\_details%3BVqjBiaDZTWqycGX1ke8vVw%3D%3D,Postulación Activa
23/7/2024,eJAmerica,https://www.linkedin.com/jobs/view/3982576029/?alternateChannel=search&refId=sX7YptNFLLZ1q%2FpWn87iMQ%3D%3D&trackingId=NO7Ge%2BMMHS3jvxZfS2yQ8g%3D%3D&trk=d\_flagship3\_job\_details&lipi=urn%3Ali%3Apage%3Ad\_flagship3\_job\_details%3BVqjBiaDZTWqycGX1ke8vVw%3D%3D,Postulación Activa
23/7/2024,Svitla,https://www.linkedin.com/jobs/view/3980276640/?alternateChannel=search&refId=Rdwbu1IKOxQMlhkWNmmsKQ%3D%3D&trackingId=tP5xMiXAcT%2FFx6HOf1MxAw%3D%3D&trk=d\_flagship3\_job\_details&lipi=urn%3Ali%3Apage%3Ad\_flagship3\_job\_details%3Bxt0YcZ7YQJWFfhzdjebNrQ%3D%3D,Postulación Activa
23/7/2024,ElectroNeek,https://www.linkedin.com/jobs/view/3980077107/?alternateChannel=search&refId=SogJDcfIZM6jkx5oIxo%2BsA%3D%3D&trackingId=mfEyzwfKccr%2Bv%2F8GDqr1ew%3D%3D&trk=d\_flagship3\_postapply\_immediate\_premium&lipi=urn%3Ali%3Apage%3Ad\_flagship3\_job_details%3BToWXzXgrRbumsxTUueSYig%3D%3D,Postulación Activa
24/7/2024,Accusys Technology,https://www.linkedin.com/jobs/view/3981313347/?alternateChannel=search&refId=ASOH1hik4I2TLa6EhdfcTQ%3D%3D&trackingId=1%2F8DXr%2BE3c2p5V4PFgffMQ%3D%3D&trk=d\_flagship3\_search\_srp\_jobs&lipi=urn%3Ali%3Apage%3Ad\_flagship3\_search\_srp\_jobs%3B2cLuA6GjRW6ghq6wYnD2Cw%3D%3D,Postulación Activa
24/7/2024,emBlue,https://www.linkedin.com/jobs/view/3978776229/?alternateChannel=search&refId=ASOH1hik4I2TLa6EhdfcTQ%3D%3D&trackingId=%2BlW%2B1%2FHwe2Nh6M%2FTMiHE%2Bw%3D%3D&trk=d\_flagship3\_search\_srp\_jobs&lipi=urn%3Ali%3Apage%3Ad\_flagship3\_search\_srp\_jobs%3B2cLuA6GjRW6ghq6wYnD2Cw%3D%3D,Postulación Activa
25/7/2024,Banco de credito de Perú,https://www.linkedin.com/jobs/view/3984302250/?alternateChannel=search&refId=IMVk7yq2nIFTgTrZcjOuXg%3D%3D&trackingId=Z%2FTUMLvnmTH77ZAHmnEBoQ%3D%3D&trk=d\_flagship3\_search\_srp\_jobs&lipi=urn%3Ali%3Apage%3Ad\_flagship3\_search\_srp\_jobs%3BPmce%2B2%2FhTgiI1YA8hmBL6w%3D%3D,Postulación Activa
25/7/2024,FullTimeForce FE-FS,https://www.getonbrd.com/empleos/programacion/frontend-fullstack-developer-fulltimeforce-remote,Postulación Activa
25/7/2024,Ketos delphin,https://ar.indeed.com/viewjob?cmp=Ketos-Delphin&t=Desarrollador+de+software&jk=ee8b85b0819ede38&q=desarrollador&xpse=SoCi67I3-zMfPYSihx0LbzkdCdPP&xfps=b1ec270b-b4a2-4de1-bf10-f69653380c93&xkcb=SoB767M3-zMDdhUB5x0ObzkdCdPP&vjs=3,Postulación Activa
26/7/2024,EPAM systems web dev,https://www.epam.com/careers/job-listings/job.epamgdo\_blt962ffcf546f0f519\_en-us\_Other\_Argentina?utm\_campaign=LinkedIn\_Job\_Wrapping&utm\_medium=job\_slots&utm\_source=LinkedIn.com,Postulación Activa
29/7/2024,29/7/24,,Postulación Activa
29/7/2024,Morfy,https://www.linkedin.com/jobs/view/3965588063/?alternateChannel=search&refId=uoFNmzQQ1zGmMW1qEKJogw%3D%3D&trackingId=bMZbWVNfYtp%2B%2BeXkBwLzLw%3D%3D&trk=d\_flagship3\_postapply\_default\_confirmation&lipi=urn%3Ali%3Apage%3Ad\_flagship3\_search\_srp\_jobs%3BizzfNxpCRoK%2FMh1IpO13jQ%3D%3D,Postulación Activa
29/7/2024,Empresa Super Misteriosa,https://www.linkedin.com/jobs/view/3987041609/?alternateChannel=search&refId=RU4Jp9Yfzn7ewFursjgECA%3D%3D&trackingId=KP7OhEXIEDr7qp7IO0nlsg%3D%3D&trk=d\_flagship3\_postapply\_default\_confirmation&lipi=urn%3Ali%3Apage%3Ad\_flagship3\_search\_srp\_jobs%3BjmdOE7ytTHSnLuhXkcOoPg%3D%3D,Postulación Activa
29/7/2024,Band of Coders,https://www.careers-page.com/band-of-coders/job/QVXVY9RR?utm_medium=free_job_board&utm_source=linkedin,Postulación Activa
29/7/2024,Jüsto FE,https://www.linkedin.com/jobs/view/3985316003/?alternateChannel=search&refId=iKFwDgDqNF3s%2Fio0RMNw8Q%3D%3D&trackingId=mMD9bkion8Ygc59sdRBI7Q%3D%3D&trk=d\_flagship3\_search\_srp\_jobs&lipi=urn%3Ali%3Apage%3Ad\_flagship3\_search\_srp\_jobs%3BjmdOE7ytTHSnLuhXkcOoPg%3D%3D,Postulación Activa
29/7/2024,Jüsto BE,https://justo.bamboohr.com/careers/53?source=aWQ9MTk%3D,Postulación Activa
30/7/2024,Jessica Elliott Consultoria,https://ar.computrabajo.com/ofertas-de-trabajo/oferta-de-trabajo-de-desarrollador-de-aplicaciones-web-rubro-gastronomia-en-cordoba-946367DA5622C10561373E686DCF3405,Postulación Activa
31/7/2024,Nectia Software,https://www.getonbrd.com/jobs/programming/desarrollador-full-stack-nectia-software-santiago-375d,Postulación Activa
31/7/2024,GearthLogic,https://www.linkedin.com/jobs/view/3988560359/?alternateChannel=search&refId=4xRHxFH65lq5wWs46w9Zqg%3D%3D&trackingId=R0HD5emrFeeo7eaQO8q2Nw%3D%3D&trk=d\_flagship3\_postapply\_verification&lipi=urn%3Ali%3Apage%3Ad\_flagship3\_search\_srp_jobs%3B3DsLvAdYQEahF5T%2FZ4TcTw%3D%3D,Postulación Activa
31/7/2024,Propio Languages Services,https://www.linkedin.com/jobs/view/3988079024/?alternateChannel=search&refId=4xRHxFH65lq5wWs46w9Zqg%3D%3D&trackingId=BWUy3S6MAMBz2Q0zY8W2JA%3D%3D&trk=d\_flagship3\_search\_srp\_jobs&lipi=urn%3Ali%3Apage%3Ad\_flagship3\_search\_srp\_jobs%3B3DsLvAdYQEahF5T%2FZ4TcTw%3D%3D,Postulación Activa
31/7/2024,Dev.Pro,https://www.linkedin.com/jobs/view/3987134947/?alternateChannel=search&refId=HwqhHWob7HiRbKedvoOzzw%3D%3D&trackingId=GUzORs%2BNzkQUWbvJjjOptw%3D%3D&trk=d\_flagship3\_postapply\_immediate\_premium&lipi=urn%3Ali%3Apage%3Ad\_flagship3\_search\_srp\_jobs%3Bqkbnc%2BW2TheEaMLSNlpRaQ%3D%3D,Postulación Activa
1/8/2024,Remitz,https://www.linkedin.com/jobs/view/3989316384/?alternateChannel=search&refId=cy1FIAylNNISBJwcHzNnKQ%3D%3D&trackingId=%2Bc3xINnJYUWmIMYeMrgWeQ%3D%3D&trk=d\_flagship3\_search\_srp\_jobs&lipi=urn%3Ali%3Apage%3Ad\_flagship3\_search\_srp\_jobs%3BmJtYmsE4TmyK5DAO2usLqA%3D%3D,Postulación Activa
1/8/2024,Concentrix React Dev,https://apply.concentrix.com/global/en/job/CONCGLOBALR1519715EXTERNALENGLOBAL/React-Developer?utm_source=linkedin&utm_medium=phenom-feeds,Postulación Activa
2/8/2024,Uteam,https://www.linkedin.com/jobs/view/3990800261/?alternateChannel=search&refId=V9q5qZ2FKHgr3Z%2BkGxsPGA%3D%3D&trackingId=9Ia11ifYXiNNCsT3GBxr5A%3D%3D&trk=d\_flagship3\_search\_srp\_jobs&lipi=urn%3Ali%3Apage%3Ad\_flagship3\_search\_srp\_jobs%3BnT93Tgd9R8iEtQIf%2Ff7afw%3D%3D,Postulación Activa
2/8/2024,Sooft,https://www.linkedin.com/jobs/view/3990108820/?alternateChannel=search&refId=V9q5qZ2FKHgr3Z%2BkGxsPGA%3D%3D&trackingId=suJt2VRVf1r2laaYPbB5dA%3D%3D&trk=d\_flagship3\_search\_srp\_jobs&lipi=urn%3Ali%3Apage%3Ad\_flagship3\_search\_srp\_jobs%3BVxbjW6iNRM219Gw0ac%2F%2Bng%3D%3D,Postulación Activa
2/8/2024,Basis,https://www.linkedin.com/jobs/view/3988666225/?alternateChannel=search&refId=fC7fNWxb%2FBI915ZsSUZOkg%3D%3D&trackingId=Q4aphq2ew36SvMq28R%2FMWg%3D%3D&trk=d\_flagship3\_postapply\_default\_confirmation&lipi=urn%3Ali%3Apage%3Ad\_flagship3\_search\_srp\_jobs%3BsxOhJWsaQbSZPTiVQPyJ8w%3D%3D,Postulación Activa
5/8/2024,ReciVeci,https://www.linkedin.com/posts/reciveci_reciveci-reciapp-activity-7225185056271572993-g7tI/?utm_source=share&utm_medium=member_desktop,Postulación Activa
5/8/2024,Minimalart,https://www.linkedin.com/posts/minimalart\_buscamos-desarrollador-react-para-que-se-activity-7225115733867847680-vhit/?utm\_source=share&utm\_medium=member\_desktop,Postulación Activa
5/8/2024,Olaclick,https://docs.google.com/forms/d/e/1FAIpQLScn8lzNb9ZR2oH88e_w4ArBTO17wZrVRWKuaIkA1ULGffYB1A/viewform,Postulación Activa
5/8/2024,Darwoft,https://www.linkedin.com/jobs/view/3991265780/?alternateChannel=search&refId=uGFJ%2BDTFnxEz4lWZs6seJg%3D%3D&trackingId=3jE03fsSfcNqIxX%2BgrD3eA%3D%3D&trk=d\_flagship3\_search\_srp\_jobs&lipi=urn%3Ali%3Apage%3Ad\_flagship3\_search\_srp\_jobs%3Bn0Eot3I%2FT3OBH3mPwas6kA%3D%3D,Postulación Activa
5/8/2024,CaryHealth,https://www.linkedin.com/jobs/view/3991736453/?alternateChannel=search&refId=uGFJ%2BDTFnxEz4lWZs6seJg%3D%3D&trackingId=f0CToPlZYAStElzPFMqKwg%3D%3D&trk=d\_flagship3\_postapply\_default\_confirmation&lipi=urn%3Ali%3Apage%3Ad\_flagship3\_search\_srp\_jobs%3BJGQLpxmtSRmoKOvmnMO5cA%3D%3D,Postulación Activa
5/8/2024,Communities.Technologies React Dev,https://www.linkedin.com/jobs/view/3991736453/?alternateChannel=search&refId=uGFJ%2BDTFnxEz4lWZs6seJg%3D%3D&trackingId=f0CToPlZYAStElzPFMqKwg%3D%3D&trk=d\_flagship3\_postapply\_default\_confirmation&lipi=urn%3Ali%3Apage%3Ad\_flagship3\_search\_srp\_jobs%3BJGQLpxmtSRmoKOvmnMO5cA%3D%3D,Postulación Activa
5/8/2024,Coderio,https://www.linkedin.com/posts/ana-laura-barrionuevo-626661b3_backend-frontend-developer-activity-7226221484027871233-BuqF?utm_source=share&utm_medium=member_desktop,Postulación Activa
6/8/2024,Jobly,https://wearejobly.com/platform/public/jobs/full-stack-developer-mern-trainee-junior-remoto,Postulación Activa
6/8/2024,Develone,https://www.linkedin.com/posts/develone-13864b163\_hiring-activity-7226222779983925248-ckhB/?utm\_source=share&utm\_medium=member\_desktop,Postulación Activa
6/8/2024,Mappa,https://www.linkedin.com/jobs/view/3994036383/?alternateChannel=search&refId=AlJrfPlpfhxm24sSGYx8ZA%3D%3D&trackingId=iK4lmPhIUsqzrX9ppYSldA%3D%3D&trk=d\_flagship3\_postapply\_default\_confirmation&lipi=urn%3Ali%3Apage%3Ad\_flagship3\_search\_srp\_jobs%3BuKTLS8gNRlKTf%2B5r%2FZgBYA%3D%3D,Postulación Activa
7/8/2024,Global Meaning,https://globalmeaning.com/joinus.html?pubtr=1506701,Postulación Activa
7/8/2024,ZINation,https://www.glassdoor.com.ar/partner/jobListing.htm?pos=125&ao=1136043&s=58&guid=000001912d05d202b1f3cfa0610475c5&src=GD\_JOB\_AD&t=SR&vt=w&uido=11ECDAD2E0E3F29A4C47A1405F49D59A&ea=1&cs=1_b850dfbf&cb=1723037242127&jobListingId=1009392005696&jrtk=5-yul1-0-1i4mgbkifhdhs800-df4ed5491842fdaa,Postulación Activa
7/8/2024,Member Lounge by Grype Digital,https://www.linkedin.com/jobs/view/3990407686/,Postulación Activa
8/8/2024,Buk FE,https://www.getonbrd.com/empleos/programacion/front-end-developer-marketing-buk-remote-f631,Postulación Activa
8/8/2024,Urbetrack,https://www.linkedin.com/jobs/view/3992914485/?alternateChannel=search&refId=0v3GDeyXRxaDPx7gR%2B7pKg%3D%3D&trackingId=Aem1UYaEc5PIy%2BVHFgN%2BZA%3D%3D&trk=d\_flagship3\_job\_collections\_discovery\_landing&lipi=urn%3Ali%3Apage%3Ad\_flagship3\_job\_collections\_discovery\_landing%3BJ45Roz6gRKWRMqwVX%2FcjFA%3D%3D,Postulación Activa
9/8/2024,Link Solutions,https://www.linksolution.com.ar/jobs/desarrolladores-web-jr?utm\_campaign=google\_jobs\_apply&utm\_source=google\_jobs\_apply&utm_medium=organic,Postulación Activa
9/8/2024,La Pieza,https://vercel.lapieza.io/job/ec0ea923-0874-4887-aab5-78242768f876,Postulación Activa
9/8/2024,ITPS One,https://www.linkedin.com/jobs/view/3995990117/?alternateChannel=search&refId=ab6MVll%2FtsCSYu3ns8uv2g%3D%3D&trackingId=AVrp22oaUs1gaczyGNBbsw%3D%3D&trk=d\_flagship3\_search\_srp\_jobs&lipi=urn%3Ali%3Apage%3Ad\_flagship3\_search\_srp\_jobs%3Bsfk7wBQ5TNSf%2Fof3R0AM3g%3D%3D,Postulación Activa
9/8/2024,Talent Connect,https://www.linkedin.com/jobs/view/3994806191/?alternateChannel=search&refId=2PW0b%2FadqqfnKysQmqjb1Q%3D%3D&trackingId=WKNe8AeumGqlcmCPMv1x5Q%3D%3D&trk=d\_flagship3\_search\_srp\_jobs&lipi=urn%3Ali%3Apage%3Ad\_flagship3\_search\_srp\_jobs%3Bsfk7wBQ5TNSf%2Fof3R0AM3g%3D%3D,Postulación Activa
12/8/2024,NTT DATA Europe & Latam,https://www.linkedin.com/jobs/view/3995969268/?alternateChannel=search&refId=9MtJCo1HZeXF6d13vNBZ5g%3D%3D&trackingId=kExRQbg5N6i%2BbZG8490X4Q%3D%3D&trk=d\_flagship3\_postapply\_immediate\_premium&lipi=urn%3Ali%3Apage%3Ad\_flagship3\_search\_srp\_jobs%3B9IjQfWeDQE2DS7Otpqbnkg%3D%3D,Postulación Activa
12/8/2024,GI Group - Carga de CV en la DB,https://ar.gigroup.com,Postulación Activa
12/8/2024,Mappa,https://www.linkedin.com/jobs/view/3995425442/?alternateChannel=search&refId=o7HyVxwnCrnzJssfSzNYTA%3D%3D&trackingId=CP%2FMEGkAPsDTNpMifK4LDA%3D%3D&trk=d\_flagship3\_postapply\_premium\_top\_choice&lipi=urn%3Ali%3Apage%3Ad\_flagship3\_search\_srp_jobs%3By78WqKPcT0%2B16fELBrCgRA%3D%3D,Postulación Activa
12/8/2024,SoftING SRL,https://www.linkedin.com/jobs/view/3996683774/?alternateChannel=search&refId=o7HyVxwnCrnzJssfSzNYTA%3D%3D&trackingId=yFP8paIUHDPxpLRJNxFyPg%3D%3D&trk=d\_flagship3\_postapply\_default\_confirmation&lipi=urn%3Ali%3Apage%3Ad\_flagship3\_search\_srp\_jobs%3BCTv0Vy8qSPmr656bOuXpKw%3D%3D,Postulación Activa
12/8/2024,Listopro BE,https://www.linkedin.com/jobs/view/3997763085/?alternateChannel=search&refId=u5aHaewxH5evkFqeXPdoRw%3D%3D&trackingId=npDRXG7ATKTCQA0WgnHtcQ%3D%3D&trk=d\_flagship3\_search\_srp\_jobs&lipi=urn%3Ali%3Apage%3Ad\_flagship3\_search\_srp\_jobs%3BDyp1oS2VSLmkn1dg0XAuRA%3D%3D,Postulación Activa
13/8/2024,B12,https://remote.com/jobs/b12-c1cx4kiw/web-developer-remote-j1ljylkx,Postulación Activa
13/8/2024,nowfluence,https://www.linkedin.com/jobs/view/3996903858/?alternateChannel=search&refId=NotAvailable&trackingId=tfDN3bSkS5OfcqzW95JDrQ%3D%3D&trk=d\_flagship3\_postapply\_immediate\_screener\_modal&lipi=urn%3Ali%3Apage%3Ad\_flagship3\_search\_srp_jobs%3B0WQi06sqS4Ol3UrzRbgQIw%3D%3D,Postulación Activa
13/8/2024,Jobsity,https://careers.jobsity.com/skill/react.js-engineer#employee-application,Postulación Activa
14/8/2024,Tekton Labs,https://www.linkedin.com/jobs/view/3998882359/?alternateChannel=search&refId=L%2BCNH92Doi0g4CFHVMGRAg%3D%3D&trackingId=1KXmzatHeSZY%2BANykvEaKw%3D%3D&trk=d\_flagship3\_search\_srp\_jobs&lipi=urn%3Ali%3Apage%3Ad\_flagship3\_search\_srp\_jobs%3BKU5MqsiESLiZF3SvBH9f1g%3D%3D,Postulación Activa
14/8/2024,Onetree,https://www.linkedin.com/jobs/view/4000551202/?alternateChannel=search&refId=L%2BCNH92Doi0g4CFHVMGRAg%3D%3D&trackingId=xI6eN042rqJ%2F5vx6r10kZQ%3D%3D&trk=d\_flagship3\_postapply\_verification&lipi=urn%3Ali%3Apage%3Ad\_flagship3\_search\_srp_jobs%3Bv%2BlHS1lyQzCPNi6pme2OXA%3D%3D,Postulación Activa
14/8/2024,Definity First,https://ar.indeed.com/rc/clk?jk=38cbc86fa8bd0e82&from=hp&tk=1i58m010nkf1t801,Postulación Activa
14/8/2024,MindTech,https://www.linkedin.com/posts/josefina-sansot-50725b286_hiring-ugcPost-7229147434206023681-JMqo?utm_source=share&utm_medium=member_desktop,Postulación Activa
15/8/2024,Baufest,https://www.linkedin.com/jobs/view/4000955963/?alternateChannel=search&refId=CW1gjkaVxidx4TSq%2F2WxLw%3D%3D&trackingId=PQUpBFRJbmnilcfSSFXBBg%3D%3D&trk=d\_flagship3\_search\_srp\_jobs&lipi=urn%3Ali%3Apage%3Ad\_flagship3\_search\_srp\_jobs%3B%2FIJ1pWP%2FTlS1ZWTxKAX4yw%3D%3D,Postulación Activa
15/8/2024,IOL - invertir online,https://www.mibucle.com/empresas/iol-invertironline/trabajos/developer-frontend,Postulación Activa
16/8/2024,Bloomerang,https://remote.com/jobs/bloomerang-c1btyvhe/software-engineer-j1quiudu,Postulación Activa
16/8/2024,ADN Recursos Humanos,https://ar.computrabajo.com/ofertas-de-trabajo/oferta-de-trabajo-de-ref-19163-desarrollador-react-native-hibrido-4-ho-1-off-flores-caba-en-flores-7A0ACECEE10FB72561373E686DCF3405#lc=ListOffers-Score4-0,Postulación Activa
16/8/2024,Somos Hub,https://www.linkedin.com/posts/somoshubmdz_frontendjunior-desarrolloweb-mendoza-activity-7228784670585290752-pkEK/?utm_source=share&utm_medium=member_desktop,Postulación Activa
19/8/2024,Kadre,https://www.linkedin.com/jobs/view/4002359796/?alternateChannel=search&refId=NotAvailable&trackingId=WixtGNueRY6%2FqwAkdcJq%2FQ%3D%3D&trk=d\_flagship3\_search\_srp\_jobs&lipi=urn%3Ali%3Apage%3Ad\_flagship3\_search\_srp\_jobs%3BIB8SUeGhTburWB3ANapjBg%3D%3D,Postulación Activa
19/8/2024,ICBC Argentina Base de talentos,https://www.linkedin.com/jobs/view/4000130204/?alternateChannel=search&refId=NotAvailable&trackingId=PYI6POTUTHysMPNrC86oiQ%3D%3D&trk=d\_flagship3\_postapply\_immediate\_premium&lipi=urn%3Ali%3Apage%3Ad\_flagship3\_search\_srp\_jobs%3B1Bkd3Kp9RYCmjLoe4%2FE4ig%3D%3D,Postulación Activa
19/8/2024,Grupo Myth,https://www.linkedin.com/jobs/view/3967147381/?alternateChannel=search&refId=YZrR8p%2BAXc6iv%2FELCXJozw%3D%3D&trackingId=KOAMFnCQtFAhCi6jUfXGbA%3D%3D&trk=d\_flagship3\_search\_srp\_jobs&lipi=urn%3Ali%3Apage%3Ad\_flagship3\_search\_srp\_jobs%3BglXhrBrMRI2j50%2Ff7kqJfQ%3D%3D,Postulación Activa
19/8/2024,Experis,https://www.linkedin.com/jobs/view/3968554117/?alternateChannel=search&refId=YZrR8p%2BAXc6iv%2FELCXJozw%3D%3D&trackingId=WaT2jblr26hKKgYdnnU5jg%3D%3D&trk=d\_flagship3\_search\_srp\_jobs&lipi=urn%3Ali%3Apage%3Ad\_flagship3\_search\_srp\_jobs%3BglXhrBrMRI2j50%2Ff7kqJfQ%3D%3D,Postulación Activa
19/8/2024,Uvi,https://www.linkedin.com/posts/uvi-punto-ar_buscamos-desarrollador-full-stack-que-activity-7231037149976924160-imjk?utm_source=share&utm_medium=member_desktop,Postulación Activa
20/8/2024,Grow Up HR,https://www.linkedin.com/jobs/view/4004414032/?alternateChannel=search&refId=fdGhEGJy5c%2FeAA2PquWf6w%3D%3D&trackingId=CxRAOId9NQqZPDN4Na7pRg%3D%3D&trk=d\_flagship3\_search\_srp\_jobs&lipi=urn%3Ali%3Apage%3Ad\_flagship3\_search\_srp\_jobs%3BEcmdqremRlSPUqnRwA%2BW3g%3D%3D,Postulación Activa
20/8/2024,Possumus,https://www.linkedin.com/jobs/view/4002181134/?alternateChannel=search&refId=fdGhEGJy5c%2FeAA2PquWf6w%3D%3D&trackingId=zwvYPiRIu3L2oXzftiBBcA%3D%3D,Postulación Activa
20/8/2024,Paired,https://www.linkedin.com/jobs/view/3982723147/?alternateChannel=search&refId=Gm325U8jei7L4BLeJCyRpA%3D%3D&trackingId=hH1E55hgzoXKd5qISYUNmA%3D%3D&trk=d\_flagship3\_postapply\_premium\_top\_choice&lipi=urn%3Ali%3Apage%3Ad\_flagship3\_job\_collections\_discovery\_landing%3BUIDSF2hbSwaiZZlCIh2M3A%3D%3D,Postulación Activa
21/8/2024,NEORIS,https://www.linkedin.com/jobs/view/4005920720/?alternateChannel=search&refId=kikFQpiKLqebpe1CHQZVKw%3D%3D&trackingId=B%2BXv7u32LTlhsaL4Z46iRg%3D%3D&trk=d\_flagship3\_search\_srp\_jobs&lipi=urn%3Ali%3Apage%3Ad\_flagship3\_search\_srp\_jobs%3BkZqZJ1OrTiqX%2BRvAngj00w%3D%3D,Postulación Activa
21/8/2024,Junco Films,https://www.linkedin.com/jobs/view/4006834361/?alternateChannel=search&refId=kikFQpiKLqebpe1CHQZVKw%3D%3D&trackingId=R%2FgiVEmUxO9TJX0Wu4WlXw%3D%3D&trk=d\_flagship3\_postapply\_immediate\_screener\_modal&lipi=urn%3Ali%3Apage%3Ad\_flagship3\_search\_srp_jobs%3BaTP%2F4IZESZ2ObfOWBJtp%2Fg%3D%3D,Postulación Activa
21/8/2024,Plugg Technologies,https://www.linkedin.com/jobs/view/4002851509/?alternateChannel=search&refId=mQT5hkWyCE3Re0vly1O8rQ%3D%3D&trackingId=tv4ytUzbyTdZ8XCt7rj50Q%3D%3D&trk=d\_flagship3\_postapply\_default\_confirmation&lipi=urn%3Ali%3Apage%3Ad\_flagship3\_search\_srp\_jobs%3BdycwRm%2FYSDWxS2LbV1OxZw%3D%3D,Postulación Activa
21/8/2024,Media Optimizers,https://www.linkedin.com/jobs/view/4004484955/?alternateChannel=search&refId=NotAvailable&trackingId=gyP4TqfAQwu2H%2B8CPw8orw%3D%3D&trk=d\_flagship3\_postapply\_default\_confirmation&lipi=urn%3Ali%3Apage%3Ad\_flagship3\_search\_srp\_jobs%3BYRQ%2BhMuYTaCyR3XHJfm9ew%3D%3D,Postulación Activa
21/8/2024,SUINFI,https://www.linkedin.com/posts/suinfi_buenas-tardes-a-toda-la-comunidad-de-linkedin-activity-7231776432127983617-s-FI?utm_source=share&utm_medium=member_desktop,Postulación Activa
22/8/2024,Khipu,https://www.getonbrd.com/empleos/programacion/ingeniero-junior-khipu-remote,Postulación Activa
22/8/2024,Progres,"[https://www.empleosit.com.ar/display-job/94664/Front-End-Dev-(react,Postulación Activa,-typescript)-full-time.html?searchId=1724335941.8334&page=1 'smartCard-inline')",Postulaciones realizadas
22/8/2024,Medicus,https://ar.computrabajo.com/ofertas-de-trabajo/oferta-de-trabajo-de-desarrollador-web-en-recoleta-12EBBF90585BBC8261373E686DCF3405#lc=ListOffers-Score3-0,Postulación Activa
23/8/2024,VML,https://www.linkedin.com/jobs/view/4007596483/,Postulación Activa
26/8/2024,Raona FE,https://www.linkedin.com/jobs/view/4006635629/?alternateChannel=search&refId=2UV02Wx9sx6kq0Hp5js23Q%3D%3D&trackingId=1tPfIKCvoEmzx7a9gTe1RA%3D%3D&trk=d\_flagship3\_search\_srp\_jobs&lipi=urn%3Ali%3Apage%3Ad\_flagship3\_search\_srp\_jobs%3BvqUq06RKRuKm9H55IXvRXg%3D%3D,Postulación Activa
26/8/2024,Coral,https://jobs.ashbyhq.com/Coral/10908a7e-39bc-40c2-a213-7cb9febb08ad/application?utm_source=Ejjd1bZNoO&utm_medium=jobboard&utm_source=linkedin,Postulación Activa
26/8/2024,My Digital Nomads,https://mdn.bamboohr.com/careers/105,Postulación Activa
26/8/2024,Onetree,https://www.linkedin.com/jobs/view/4008632283/?alternateChannel=search&refId=MN5z7Z9DhrA6ZUXBKSQgsw%3D%3D&trackingId=jm0dEBIL%2FQOJ6E7uGseKjQ%3D%3D&trk=d\_flagship3\_postapply\_verification&lipi=urn%3Ali%3Apage%3Ad\_flagship3\_search\_srp_jobs%3BfS52VbAvTA%2BgmYg4rnM%2FNA%3D%3D,Postulación Activa
26/8/2024,Softtek,https://www.linkedin.com/jobs/view/4008834920/?alternateChannel=search&refId=MN5z7Z9DhrA6ZUXBKSQgsw%3D%3D&trackingId=HlYfav%2BXZ8a76vutw2xcqQ%3D%3D&trk=d\_flagship3\_postapply\_immediate\_premium&lipi=urn%3Ali%3Apage%3Ad\_flagship3\_search\_srp\_jobs%3B08jJ4eLiQNOeZSh1j37nrA%3D%3D,Postulación Activa
27/8/2024,Blue Zone,https://www.linkedin.com/posts/jestevezq\_buscamos-talento-hay-alguien-por-ahí-activity-7233778850483060736-mgNz?utm\_source=share&utm\_medium=member\_desktop,Postulación Activa
27/8/2024,Loop Studio,https://www.linkedin.com/posts/daniel-blanc-42b932a4_loopacademy-activity-7232060406234546176-Dmpj?utm_source=share&utm_medium=member_desktop,Postulación Activa
27/8/2024,SIU,https://www.linkedin.com/posts/siu_seguimoscreciendo-nuevabusquedalaboral-siu-activity-7233850128837591043-VGH2/?utm_source=share&utm_medium=member_desktop,Postulación Activa
27/8/2024,Beskar blockchain,https://www.linkedin.com/posts/beskarblockchain_hola-red-queremos-contarles-que-estamos-activity-7233858786841518085-4IbV?utm_source=share&utm_medium=member_desktop,Postulación Activa
28/8/2024,Sancrisoft,https://torre.ai/post/6WZ3Mp9w-sancrisoft-full-stack-developer-nodereact-opening-sep-2024-3?t=1724853631254&r=fUjurkFa,Postulación Activa
28/8/2024,Creamos,https://careers.creamos.com/jobs/Careers/60494000001420017/Junior-Full-Stack-Developer-Paid-Internship-?source=CareerSite,Postulación Activa
28/8/2024,Griftin Outsourcing IT,https://www.linkedin.com/jobs/view/4009727797/?alternateChannel=search&refId=VUCPBm7LXivv3Y7ETaGyFg%3D%3D&trackingId=IaJSCD%2Bphw1J5BK6YTq5FQ%3D%3D&trk=d\_flagship3\_postapply\_premium\_top\_choice&lipi=urn%3Ali%3Apage%3Ad\_flagship3\_search\_srp_jobs%3Bw%2FkUP%2FoEQKu2yNd3VUNclg%3D%3D,Postulación Activa
28/8/2024,Coequiper.com,https://www.linkedin.com/jobs/view/4009728446/?alternateChannel=search&refId=ntiNYX5gYOUzP66tQKJ%2BIw%3D%3D&trackingId=OKax1kJ5zPc6gpYJ6syp8g%3D%3D&trk=d\_flagship3\_postapply\_immediate\_screener\_modal&lipi=urn%3Ali%3Apage%3Ad\_flagship3\_search\_srp_jobs%3BdWIER%2B0cRMuFd31Hlu7f2w%3D%3D,Postulación Activa
29/8/2024,Workling React Dev,https://www.linkedin.com/jobs/view/4010205705/,Postulación Activa
29/8/2024,Workling FS,https://www.linkedin.com/jobs/view/4010207376/,Postulación Activa
29/8/2024,Deep Digital HR,https://deeprh.com/puesto/frontend-developer-streaming/,Postulación Activa
30/8/2024,Miracle Devs Inc.,https://www.linkedin.com/jobs/view/4011654263/?alternateChannel=search&refId=LEy%2FDjP3z3u%2BINmjHIN7uw%3D%3D&trackingId=Ekl1bbygHH9rXaM9kLyX%2Bw%3D%3D&trk=d\_flagship3\_postapply\_default\_confirmation&lipi=urn%3Ali%3Apage%3Ad\_flagship3\_search\_srp\_jobs%3BzJhbRuGqSQCnG4xcb6BTWw%3D%3D,Postulación Activa
30/8/2024,Assima,https://www.linkedin.com/jobs/view/4012881362/?alternateChannel=search&refId=Lpepww%2FEId%2FwyRC9fTX3%2BA%3D%3D&trackingId=uvO5LS%2Fei9xG5bvwoLNlGw%3D%3D&trk=d\_flagship3\_postapply\_default\_confirmation&lipi=urn%3Ali%3Apage%3Ad\_flagship3\_search\_srp\_jobs%3BvWGFUUfeRl%2BhBi%2FlIPr07w%3D%3D,Postulación Activa
2/9/2024,MuniDigital,https://www.linkedin.com/jobs/view/4014371983/?alternateChannel=search&refId=e2VsCnxFivTQzfGOr%2Bz58w%3D%3D&trackingId=FWluuNjUIsNStyVJMyTAhw%3D%3D&trk=d\_flagship3\_postapply\_default\_confirmation&lipi=urn%3Ali%3Apage%3Ad\_flagship3\_search\_srp\_jobs%3BUrnN9eZCQveeAQagS2tERQ%3D%3D,Postulación Activa
2/9/2024,ProofPoint,https://www.linkedin.com/jobs/view/4014000961/?alternateChannel=search&refId=G3sXE7dbHgoM98JINeQ3EQ%3D%3D&trackingId=gfCYOYQ3K6qQeKD%2FwiERsw%3D%3D&trk=d\_flagship3\_search\_srp\_jobs&lipi=urn%3Ali%3Apage%3Ad\_flagship3\_search\_srp\_jobs%3BUrnN9eZCQveeAQagS2tERQ%3D%3D,Postulación Activa
2/9/2024,Talent Connect FS,https://www.linkedin.com/jobs/view/4012359821/?alternateChannel=search&refId=G3sXE7dbHgoM98JINeQ3EQ%3D%3D&trackingId=BbZt3iu8aMa1OryIMQ2Hxw%3D%3D&trk=d\_flagship3\_search\_srp\_jobs&lipi=urn%3Ali%3Apage%3Ad\_flagship3\_search\_srp\_jobs%3BUrnN9eZCQveeAQagS2tERQ%3D%3D,Postulación Activa
2/9/2024,CodePwr,https://www.linkedin.com/jobs/view/4012066440/?alternateChannel=search&refId=pU63asJGUZqiXarc1zjogg%3D%3D&trackingId=KrM71jGUEVAR2ld3tFLs9A%3D%3D&trk=d\_flagship3\_search\_srp\_jobs&lipi=urn%3Ali%3Apage%3Ad\_flagship3\_search\_srp\_jobs%3BUrnN9eZCQveeAQagS2tERQ%3D%3D,Postulación Activa
2/9/2024,IT Rock,https://www.linkedin.com/jobs/view/4014375008/?alternateChannel=search&refId=275SN7P67BdBzRl6n8np5g%3D%3D&trackingId=hJfuR8IiOonhP9BLohiTbw%3D%3D&trk=d\_flagship3\_postapply\_immediate\_premium&lipi=urn%3Ali%3Apage%3Ad\_flagship3\_search\_srp\_jobs%3BaZoj%2B0q%2BSnyXVGeiw97ibg%3D%3D,Postulación Activa
3/9/2024,Acid Labs Talent Pool,https://www.linkedin.com/posts/mayiris_techtalent-desarrollosoftware-arquitecturatech-activity-7236477610078212096-YOmT/?utm_source=share&utm_medium=member_desktop,Postulación Activa
3/9/2024,Nonconformist,https://nonconformist.teamtailor.com/jobs/4926866-frontend-react-native,Postulación Activa
4/9/2024,Sofia Justina Albarracin - Base de datos,https://www.linkedin.com/posts/sofia-justina-albarracin_hola-comunidad-buscas-nuevas-activity-7236779335523680258-CGTB?utm_source=share&utm_medium=member_desktop,Postulación Activa
4/9/2024,DevelopsToday FS,https://www.glassdoor.com.ar/partner/jobListing.htm?pos=103&ao=1136043&s=58&guid=00000191bd4ebeea99ce82d1296b4683&src=GD\_JOB\_AD&t=SR&vt=w&uido=11ECDAD2E0E3F29A4C47A1405F49D59A&ea=1&cs=1_f26d0ae6&cb=1725457940510&jobListingId=1009421833576&jrtk=5-yul1-0-1i6uktfqvgef0802-ec8525bbecdb6b51,Postulación Activa
4/9/2024,iBender,https://www.glassdoor.com.ar/partner/jobListing.htm?pos=101&ao=1136043&s=58&guid=00000191bd5e47fc895dd64ace0b50d5&src=GD\_JOB\_AD&t=SR&vt=w&uido=11ECDAD2E0E3F29A4C47A1405F49D59A&ea=1&cs=1_b04b9198&cb=1725458958650&jobListingId=1009396480682&jrtk=5-yul1-0-1i6ulsi4aj71s800-07e2cba00bc7efec,Postulación Activa
4/9/2024,Raona FE,https://empleo.raona.com/jobs/4893966-front-end-developer?ittk=UBHGCVQWME,Postulación Activa
4/9/2024,Coral,https://www.glassdoor.com.ar/partner/jobListing.htm?pos=211&ao=1136043&s=58&guid=00000191bd6dc2a7a3df703b437ebc15&src=GD\_JOB\_AD&t=SR&vt=w&uido=11ECDAD2E0E3F29A4C47A1405F49D59A&ea=1&cs=1_0ed5d229&cb=1725459973088&jobListingId=1009417942311&jrtk=5-yul1-0-1i6umrgo2jcn7808-fcaffca7a1a8919d,Postulación Activa
5/9/2024,SoyTalentop,soytalentop@gmail.com,Postulación Activa
5/9/2024,Etermax,https://www.linkedin.com/jobs/view/4016507474/?alternateChannel=search&refId=acQHkqNu9waZIL1rCwzG8Q%3D%3D&trackingId=QFKMeLT8J9euui7JbhWHmg%3D%3D&trk=d\_flagship3\_postapply\_premium\_top\_choice&lipi=urn%3Ali%3Apage%3Ad\_flagship3\_search\_srp_jobs%3B9Egvqc58QkO4Su5%2Bx3NyJA%3D%3D,Postulación Activa
5/9/2024,HiveMapper,https://www.linkedin.com/jobs/view/4015158602/?alternateChannel=search&refId=NotAvailable&trackingId=rK3q6DTtSQeHN2P%2BQ5Mj0A%3D%3D&trk=d\_flagship3\_postapply\_immediate\_screener\_modal&lipi=urn%3Ali%3Apage%3Ad\_flagship3\_search\_srp_jobs%3BsaSLXupCQIqLhUQSrEJLVw%3D%3D,Postulación Activa
5/9/2024,Radek,https://lapieza.io/vacancy/bf44bb48-fb5d-41b2-97da-17969fab6216,Postulación Activa
5/9/2024,Infosis,https://www.halaxia.com/empleos/desarrollador-front-end-en-buenos-aires/19526,Postulación Activa
5/9/2024,Importante Empresa del Sector ,https://ar.computrabajo.com/ofertas-de-trabajo/oferta-de-trabajo-de-desarrollador-full-stack-en-florida-F0EAD0B0E83C015161373E686DCF3405#lc=ListOffers-Score4-14,Postulación Activa
5/9/2024,Aclara Lab,https://www.getonbrd.com/empleos/programacion/frontend-developer-jr-aclara-lab-remote,Postulación Activa
6/9/2024,Deenex,https://www.linkedin.com/jobs/view/4018179397/?alternateChannel=search&refId=gSewyOIQxzQiT25OToHE3Q%3D%3D&trackingId=8QDH15ZR1eDmfZcvvx0cKQ%3D%3D&trk=d\_flagship3\_postapply\_default\_confirmation&lipi=urn%3Ali%3Apage%3Ad\_flagship3\_search\_srp\_jobs%3Bj5tN5tcQRDGQ2zw922n00w%3D%3D,Postulación Activa
6/9/2024,Fenix Ventures SAS BE,https://ar.mifuturoempleo.com/oferta-de-empleo/backend-developer-node-js-en-fenix-ventures-sas-en-buenos-aires/106888,Postulación Activa
6/9/2024,Fenix Ventures SAS FE,https://ar.unmejorempleo.com/empleo-en_buenos_aires_full_stack_developer_frontend_heavy_en_fenix_ventures_sas-5645290.html,Postulación Activa
9/9/2024,9/9/24,,Postulación Activa
9/9/2024,Orysya Markevych - Alcor,https://www.linkedin.com/posts/orysya-markevych-3445371b3_hiring-frontenddeveloper-uiux-activity-7238851288996732929-lkP_?utm_source=share&utm_medium=member_desktop,Postulación Activa
9/9/2024,Sooft FS,https://sooftglobal.hiringroom.com/jobs/get_vacancy/66d9fa066a5bb37187c7f0ca?source=linkedinjobs,Postulación Activa
9/9/2024,EPAM FS,https://careers.epam.com/en/vacancy/full-stack-developer-node-js-typescript-in-genai-bltf68e00e4b5418ab8?utm_source=Linkedin.com&utm_medium=job_slots&utm_campaign=LinkedIn_Job_Wrapping_XML&utm_content=anywhere_bltf68e00e4b5418ab8_en-us__Argentina,Postulación Activa
9/9/2024,ITR FE,https://jobs.itrsa.com.ar/jobs/desarrollador-front-end-react-ssr-ref-2197,Postulación Activa
9/9/2024,ECO Sistemas,https://www.empleosit.com.ar/display-job/95443/Desarrollador-Frontend---Ssr-Ref--307--24.html,Postulación Activa
9/9/2024,Invesp,https://www.linkedin.com/jobs/view/4019996404/?alternateChannel=search&refId=NotAvailable&trackingId=3lCZa1fbT4OYXBay4Tpirw%3D%3D&trk=d\_flagship3\_postapply\_verification&lipi=urn%3Ali%3Apage%3Ad\_flagship3\_search\_srp_jobs%3B%2FeKqQlNqSumYez8i6aNPCw%3D%3D,Postulación Activa
10/9/2024,Cultura de trabajo RH - Base de datos,https://culturadetrabajo.hiringroom.com/jobs?source=qr,Postulación Activa
10/9/2024,Somos Hub FE,https://www.linkedin.com/posts/somoshubmdz_somoshub-oportunidadeslaborales-baeqsquedasactivas-ugcPost-7236758826455060482-V51w?utm_source=share&utm_medium=member_desktop,Postulación Activa
10/9/2024,Anima Consultores,https://www.linkedin.com/jobs/view/4020503307/?alternateChannel=search&refId=3YULx%2FmE9sAHc8HR1h2Hdg%3D%3D&trackingId=39qnvGBwTEcu4HQexJRX3Q%3D%3D&trk=d\_flagship3\_postapply\_immediate\_premium&lipi=urn%3Ali%3Apage%3Ad\_flagship3\_search\_srp\_jobs%3BswD3K8f6S1yctEtWZh2ziw%3D%3D,Postulación Activa
10/9/2024,Growketing,https://www.linkedin.com/jobs/view/4018410394/?alternateChannel=search&refId=NotAvailable&trackingId=pwq2gUkgRoW%2FWImSiDLTLw%3D%3D&trk=d\_flagship3\_postapply\_default\_confirmation&lipi=urn%3Ali%3Apage%3Ad\_flagship3\_search\_srp\_jobs%3B7J24Px1jRVqDlKy79XgqTg%3D%3D,Postulación Activa
10/9/2024,Telecom FE,https://empleos.telecom.com.ar/job/Publicaci%C3%B3n-exclusiva-para-programa-de-referidos-de-Telecom/976418200/?from=email&refid=22968330400&utm_source=J2WEmail&source=2&eid=160600-202405090405-29552280200&locale=es_ES,Postulación Activa
11/9/2024,Distillery Base de Datos,https://www.linkedin.com/posts/agustinacoluccio_nodejs-developers-techquiz-activity-7239615717036163072-5mI9?utm_source=share&utm_medium=member_desktop,Postulación Activa
11/9/2024,Solvedex,https://ar.unmejorempleo.com/empleo-en_chubut_full_stack_engineer-5645653.html,Postulación Activa
11/9/2024,BT Consultores,https://www.linkedin.com/jobs/view/4020526218/?alternateChannel=search&refId=WK6VnLaVy7sYnt%2B7OjIjHw%3D%3D&trackingId=Q1tqQdoCkzsqUzON8Wdo9g%3D%3D&trk=d\_flagship3\_postapply\_default\_confirmation&lipi=urn%3Ali%3Apage%3Ad\_flagship3\_search\_srp\_jobs%3BsVsYDaX8Q9apPALV193gvQ%3D%3D,Postulación Activa
11/9/2024,YO HR Consultancy,https://www.linkedin.com/jobs/view/4021727039/?alternateChannel=search&refId=WK6VnLaVy7sYnt%2B7OjIjHw%3D%3D&trackingId=wZNtwvmwServAm6RuXTq0w%3D%3D&trk=d\_flagship3\_postapply\_default\_confirmation&lipi=urn%3Ali%3Apage%3Ad\_flagship3\_search\_srp\_jobs%3BqJWzso46QlmXRg1UmbdHyw%3D%3D,Postulación Activa
11/9/2024,Link it FE,https://www.linkit-hr.com/soyTalento/Joboffer/Dev0267,Postulación Activa
11/9/2024,Link it BE,https://www.linkit-hr.com/soyTalento/Joboffer/Dev0306,Postulación Activa
11/9/2024,ADN Recursos Humanos,https://ar.unmejorempleo.com/empleo-en\_buenos\_aires\_ref\_19126:_desarrollador_jr_%E2%80%93\_semi\_sr\_nodejs\_y\_javascript\__remoto-5647468.html,Postulación Activa
12/9/2024,Easy Life Marketing BE,https://join.com/companies/easylifemk/12393168-desarrollador-backend-node-js-y-typescript?pid=e65242534431eadcb0c9,Postulación Activa
12/9/2024,Darwooft,https://www.careers-page.com/darwoft/job/L3Y344VW?utm_medium=free_job_board&utm_source=linkedin,Postulación Activa
12/9/2024,SMS Sudamerica,https://www.linkedin.com/jobs/view/4022933879/?alternateChannel=search&refId=3GvpGccMreOztOX8%2B%2BCzFQ%3D%3D&trackingId=PcHzbatP8j7GdeGwSTWrnw%3D%3D&trk=d\_flagship3\_postapply\_premium\_top\_choice&lipi=urn%3Ali%3Apage%3Ad\_flagship3\_search\_srp_jobs%3BxDqWjmELRwG3Fpvyl%2BLJJQ%3D%3D,Postulación Activa
12/9/2024,Adviters FE RN,https://www.linkedin.com/jobs/view/4018482457/?alternateChannel=search&refId=%2F7JXDXPGdWgDZIdKKsWKmA%3D%3D&trackingId=94rCpjgyEMWUl9lNJv1M8A%3D%3D&trk=d\_flagship3\_search\_srp\_jobs&lipi=urn%3Ali%3Apage%3Ad\_flagship3\_search\_srp\_jobs%3BxDqWjmELRwG3Fpvyl%2BLJJQ%3D%3D,Postulación Activa
12/9/2024,LAC_,https://www.glassdoor.com.ar/partner/jobListing.htm?pos=105&ao=1136043&s=58&guid=00000191e6bdc264ab1464f390512cd8&src=GD\_JOB\_AD&t=SR&vt=w&uido=11ECDAD2E0E3F29A4C47A1405F49D59A&ea=1&cs=1_63169d59&cb=1726153081678&jobListingId=1009443117716&jrtk=5-yul1-0-1i7jbrglli9es800-a89bf8a0135c315c,Postulación Activa
9/5/2024,BookingCars - Finalizada ,https://www.linkedin.com/jobs/view/3919665314/?alternateChannel=search&refId=9hWtTZ80X5E8q%2F6MjmoqDg%3D%3D&trackingId=7xCQpm6K28p44XZ9wCV2sQ%3D%3D&trk=d\_flagship3\_postapply_verification,NO
13/5/2024,W2T.io - ,https://www.linkedin.com/jobs/view/3880372629/?alternateChannel=search&refId=nAh8pg4ANf7cqyfg5Wcp1w%3D%3D&trackingId=mc7EjlwhbiYn2riiqgk9MA%3D%3D&trk=d\_flagship3\_search\_srp\_jobs,NO 16/5/24
10/5/2024,RYZ Labs ,https://jobs.lever.co/RyzLabs/034f34a2-45cb-4161-aa0a-445e63da1656/apply?lever-source=LinkedIn,NO 16/5/24
7/5/2024,Rappi ,https://rappi.wd3.myworkdayjobs.com/es/Rappi_jobs,NO 17/5/24
15/5/2024,Compass ,https://www.linkedin.com/jobs/view/3900942335/?alternateChannel=search&refId=TnGg8OYcLMFAy%2FVJeTXUuQ%3D%3D&trackingId=I9dx999EerZgzp6sjWryzA%3D%3D&trk=d\_flagship3\_postapply\_default\_confirmation&lipi=urn%3Ali%3Apage%3Ad\_flagship3\_search\_srp\_jobs%3ByS1boeauSreRlynEbwF9Yg%3D%3D,NO 18/5/24
21/5/2024,LATAM ,https://www.chumijobs.com/trabajo/desarrollador-frontend-2/,NO 21/5/24
22/5/2024,Nimble Gravity ,https://ar.indeed.com/viewjob?jk=2269835ae46cfe2d&tk=1hugbft5ck6e284d&from=serp&vjs=3,NO 28/5/24
23/5/2024,Kovix ,https://jobs.kovix.co/o/fullstack-developer?source=Indeed,NO 28/5/24
22/5/2024,PITE ,https://hireline.io/remoto/aplicar/102967,NO 27/5/24
21/5/2024,Tiendanube ,https://nuvemshop-tiendanube.inhire.app/tiendanube/vagas/9f984e71-614f-484b-b526-d82cf4a73421/software-engineer-frontend-ar?source=linkedin,NO 29/5/24
4/6/2024,Worky ,https://www.linkedin.com/jobs/view/3938006190/?alternateChannel=search&refId=Sfw%2BdCQrfbjV%2BrBC7NynIg%3D%3D&trackingId=%2BT8p7zx8hcwN%2B%2FO5QRk0Bw%3D%3D&trk=d\_flagship3\_postapply\_default\_confirmation&lipi=urn%3Ali%3Apage%3Ad\_flagship3\_search\_srp\_jobs%3Bhk9ZQi4ETT2wF9Khz2eJ4g%3D%3D,NO 7/6/24
6/6/2024,Big Partners ,https://www.linkedin.com/jobs/view/3943469686/?alternateChannel=search&refId=x%2BLnIpxtsLtsk4hBG9VB8A%3D%3D&trackingId=XFtV1Q4Fnc%2BnTjR43VEW4Q%3D%3D&trk=d\_flagship3\_search\_srp\_jobs&lipi=urn%3Ali%3Apage%3Ad\_flagship3\_search\_srp\_jobs%3BaxnGuXEDRvuFQLN3Hdkkyg%3D%3D,NO 10/6/24
21/5/2024,Mandala Tech ,https://oportunidades.mandalatech.com.ar/jobs/44710-desarrollador-react-node-junior/applications/email_verification_needed,NO 10/6/24
10/6/2024,Rambox ,https://www.linkedin.com/jobs/view/235128564/?alternateChannel=search&refId=B8gppwWfH66iy3bxKGRRQQ%3D%3D&trackingId=thWHN3OBBDGyY5L80u5GNw%3D%3D&trk=d\_flagship3\_postapply\_verification&lipi=urn%3Ali%3Apage%3Ad\_flagship3\_job\_collections\_discovery\_landing%3BDSFJBTqWQ%2BqCpt4kcHEtdw%3D%3D,NO 13/6/24
11/6/2024,RebelFI ,https://www.linkedin.com/jobs/view/3945619632/?alternateChannel=search&refId=NUxz97Of1qlZRH23DvcBIw%3D%3D&trackingId=dd1qst5YQawmzSzwJjpunQ%3D%3D&trk=d\_flagship3\_postapply\_immediate\_screener\_modal&lipi=urn%3Ali%3Apage%3Ad\_flagship3\_search\_srp_jobs%3BDG0svVhuRJ6aIMATX2%2BHRQ%3D%3D,NO 14/6/24
11/6/2024,Sidetool ,https://www.linkedin.com/jobs/view/3943784279/?alternateChannel=search&refId=NUxz97Of1qlZRH23DvcBIw%3D%3D&trackingId=Oap0Cq0lOFa7z0q7mZTi1w%3D%3D&trk=d\_flagship3\_search\_srp\_jobs&lipi=urn%3Ali%3Apage%3Ad\_flagship3\_search\_srp\_jobs%3BcyIzzuHDR6qzHnfRTzD%2B3g%3D%3D,NO 17/6/24
14/6/2024,Social Discovery Group ,https://social-discovery-ventures.breezy.hr/p/5f5dd077310b01-junior-middle-front-end-developer-martech/apply,NO 17/6/24
19/6/2024,EPAm Anywhere ,https://www.linkedin.com/jobs/view/3952697144/?alternateChannel=search&refId=NQ%2BnNiHkVrPfal2tjUEJEA%3D%3D&trackingId=w4tU%2BTgS%2BjsZBN5KK86qZw%3D%3D&trk=d\_flagship3\_search\_srp\_jobs&lipi=urn%3Ali%3Apage%3Ad\_flagship3\_search\_srp\_jobs%3B%2B6khffMbSSuvkVCPDOfwEQ%3D%3D,NO 24/6/24
24/6/2024,Sur ,https://www.linkedin.com/jobs/view/3954861826/?alternateChannel=search&refId=spq2zSvbtSJoabr7yC9S2Q%3D%3D&trackingId=8qYQonY4w0YZTAk8JZpQxA%3D%3D&trk=d\_flagship3\_postapply\_premium\_top\_choice&lipi=urn%3Ali%3Apage%3Ad\_flagship3\_search\_srp_jobs%3Bx5LZ0Vy6Qv6tft0IbPf6Fg%3D%3D,NO 25/6/24
24/6/2024,LatamCent ,https://www.linkedin.com/jobs/view/3956905878/?alternateChannel=search&refId=spq2zSvbtSJoabr7yC9S2Q%3D%3D&trackingId=bu1xtfXiZ6H0ROXE0q%2Fvmg%3D%3D&trk=d\_flagship3\_postapply\_verification&lipi=urn%3Ali%3Apage%3Ad\_flagship3\_search\_srp_jobs%3B3Hx22OW7RxartxDQkL8oWg%3D%3D,NO 27/6/24
5/6/2024,Ego ,https://www.linkedin.com/jobs/view/3942664518/?alternateChannel=search&refId=9jm%2F3TNmyhuk7Ym0tRjiJQ%3D%3D&trackingId=Ny6sKdml%2FlMDuuMdX1Xr5Q%3D%3D&trk=d\_flagship3\_postapply\_default\_confirmation&lipi=urn%3Ali%3Apage%3Ad\_flagship3\_search\_srp\_jobs%3BUBTovlU7RUmBsEr01FeVwA%3D%3D,NO 28/6/24
26/6/2024,Fudo ,https://fudo.bamboohr.com/careers/92?source=aWQ9MjY%3D,NO 28/6/24
26/6/2024,Nicasource ,"[https://www.glassdoor.com.ar/job-listing/full-stack-developer-nodejs-react-nicasource-JV\_KO0,NO 28/6/24,44.htm?jl=1009332651003&src=GD\_JOB\_AD&uido=11ECDAD2E0E3F29A4C47A1405F49D59A&ao=1136043&jrtk=5-yul1-0-1i1adhtm7j4qr800-7a800a38a8d79435&cs=1_bc767eb4&s=58&t=SR&pos=101&guid=0000019054d8f66ab1e9596b93acdf8c&jobListingId=1009332651003&ea=1&vt=w&cb=1719410423717&ctt=1719410467278](https://www.glassdoor.com.ar/job-listing/full-stack-developer-nodejs-react-nicasource-JV_KO0,33_KE34,44.htm?jl=1009332651003&src=GD_JOB_AD&uido=11ECDAD2E0E3F29A4C47A1405F49D59A&ao=1136043&jrtk=5-yul1-0-1i1adhtm7j4qr800-7a800a38a8d79435&cs=1_bc767eb4&s=58&t=SR&pos=101&guid=0000019054d8f66ab1e9596b93acdf8c&jobListingId=1009332651003&ea=1&vt=w&cb=1719410423717&ctt=1719410467278 '‌')",Etapa final
25/6/2024,Avenue Code ,https://www.linkedin.com/jobs/view/3934798679/?alternateChannel=search&refId=MEhOqblECO2h8Va3m9lYAA%3D%3D&trackingId=tVAXP3E0cpZFe%2BjN%2FGYWXA%3D%3D&trk=d\_flagship3\_postapply\_default\_confirmation&lipi=urn%3Ali%3Apage%3Ad\_flagship3\_search\_srp\_jobs%3BipMmvki4QOmGFIg5O2kJ%2Bg%3D%3D,NO 28/6/24
26/6/2024,Toolbox OTT ,https://www.linkedin.com/jobs/view/3959862458/?alternateChannel=search&refId=HPQmtaJC92QGLFtVvPof6g%3D%3D&trackingId=52Nz5I3%2B%2FkFzI1rkkpQAEg%3D%3D&trk=d\_flagship3\_postapply\_default\_confirmation&lipi=urn%3Ali%3Apage%3Ad\_flagship3\_search\_srp\_jobs%3BOh%2BJsjuJR5SCHJ2U3NzUrQ%3D%3D,NO 2/7/24
1/7/2024,Micro1 ,https://www.linkedin.com/jobs/view/3963599646/?alternateChannel=search&refId=Zq6hI6gynqOQ8saU6eEpvg%3D%3D&trackingId=XenKPuMb6eox818mNHRyWA%3D%3D&trk=d\_flagship3\_postapply\_default\_confirmation&lipi=urn%3Ali%3Apage%3Ad\_flagship3\_search\_srp\_jobs%3BNEIXYSpcRxyAMVn4%2Fmb%2F4w%3D%3D,NO 4/7/24
1/7/2024,Continu ,https://www.continu.com/careers/jobs?gh_jid=4419241007&gh_src=1762f3d07us&vq_campaign=835b1f65-1a88-56ac-ab71-2f739808cc56&vq_source=89,NO 4/7/24
9/7/2024,Payclip ,https://payclip.bamboohr.com/careers/1046,NO 10/7/24
27/6/2024,Giga IT ,https://www.linkedin.com/jobs/view/3960387961/,NO 11/7/24
24/6/2024,Ipsy ,https://jobs.jobvite.com/ipsy/job/o0cqtfwP/apply,NO 12/7/24
9/7/2024,AptoNet ,https://www.linkedin.com/jobs/view/3967491946/?alternateChannel=search&refId=NBzImbtYkWaOmeCb3CrSYQ%3D%3D&trackingId=YsWB5WiKGOGEKnICKOxJ3A%3D%3D&trk=d\_flagship3\_postapply\_premium\_top\_choice&lipi=urn%3Ali%3Apage%3Ad\_flagship3\_search\_srp_jobs%3Byo5QeFXIR0%2BHqu5TZHm%2F7Q%3D%3D,NO 12/7/24
28/6/2024,InfOil ,https://www.linkedin.com/jobs/view/3960922810/?alternateChannel=search&refId=FWIMuSX8EgGyzXraExZxug%3D%3D&trackingId=FuNtkHzRUcbnmZbjhYaBDg%3D%3D&trk=d\_flagship3\_postapply\_default\_confirmation&lipi=urn%3Ali%3Apage%3Ad\_flagship3\_search\_srp\_jobs%3BOgP1HBBYQyKRIBmHvRUdOQ%3D%3D,NO 15/7/24
11/7/2024,NP Group ,https://www.linkedin.com/jobs/view/3971449500/?alternateChannel=search&refId=%2BGww71wMHWWW1hgObmuGtA%3D%3D&trackingId=YalGjtElaVaGHLCkC8qLhQ%3D%3D&trk=d\_flagship3\_postapply\_default\_confirmation&lipi=urn%3Ali%3Apage%3Ad\_flagship3\_search\_srp\_jobs%3BuTK85SeVRuaD%2F0c37tTW5w%3D%3D,NO 15/7/24
15/7/2024,Epam Systems ,https://www.linkedin.com/jobs/view/3972036460/?alternateChannel=search&refId=hfxwdM8mF8ST%2FgPsHmYNPA%3D%3D&trackingId=NNCuW1qq6ogaRtDveML5HQ%3D%3D&trk=d\_flagship3\_postapply\_default\_confirmation&lipi=urn%3Ali%3Apage%3Ad\_flagship3\_job\_collections\_discovery_landing%3B9rX9o5dGQeSeGpBkB9eLuQ%3D%3D,NO 16/7/24
15/7/2024,PadSplit ,https://www.linkedin.com/jobs/view/3959591090/?alternateChannel=search&refId=Gekl0es1o%2BGxlX9IWbBw3g%3D%3D&trackingId=diO5%2B%2Fw%2FdSihDQ%2FTkuHhRQ%3D%3D&trk=d\_flagship3\_postapply\_default\_confirmation&lipi=urn%3Ali%3Apage%3Ad\_flagship3\_search\_srp\_jobs%3BfHJsEy4QQVKlFFkn9Ifxrw%3D%3D,NO 17/7/24
15/7/2024,Fusemachines ,https://www.linkedin.com/jobs/view/3959021739/?alternateChannel=search&refId=hjQVW8S0BxxFJVSoD%2BP6qg%3D%3D&trackingId=Gf7KbCFOCe6TtfjWtWUrcQ%3D%3D&trk=d\_flagship3\_postapply\_immediate\_screener\_modal&lipi=urn%3Ali%3Apage%3Ad\_flagship3\_search\_srp_jobs%3Bhq3o4LseQ6Ci89z%2BqUiWTA%3D%3D,NO 17/7/24
14/6/2024,Modo ,"[https://www.glassdoor.com.ar/job-listing/back-end-engineer-modo-JV_KO0,NO 17/7/24,22.htm?jl=1009321508113&src=GD_JOB_AD&uido=11ECDAD2E0E3F29A4C47A1405F49D59A&ao=1136043&jrtk=5-yul1-1-1i0bicdqamfe5803-2e7af2e8665267e8&cs=1_1810d9c2&s=353&t=REC_JOBS&pos=509&guid=000001901726370bba6fbfebc69c5b97&jobListingId=1009321508113&ea=1&vt=w&cb=1718375299231&ctt=1718376103057](https://www.glassdoor.com.ar/job-listing/back-end-engineer-modo-JV_KO0,17_KE18,22.htm?jl=1009321508113&src=GD_JOB_AD&uido=11ECDAD2E0E3F29A4C47A1405F49D59A&ao=1136043&jrtk=5-yul1-1-1i0bicdqamfe5803-2e7af2e8665267e8&cs=1_1810d9c2&s=353&t=REC_JOBS&pos=509&guid=000001901726370bba6fbfebc69c5b97&jobListingId=1009321508113&ea=1&vt=w&cb=1718375299231&ctt=1718376103057 'smartCard-inline')",Etapa final
10/7/2024,Frubana ,https://www.linkedin.com/jobs/view/3971224537/?alternateChannel=search&refId=j3BOceypver8ljeISgLdHA%3D%3D&trackingId=bcNPGtQDWz7A8MxmkHAzEA%3D%3D&trk=d\_flagship3\_search\_srp\_jobs&lipi=urn%3Ali%3Apage%3Ad\_flagship3\_search\_srp\_jobs%3BYVOm3AYOQIimV%2BWgjEfeGg%3D%3D,NO 17/7/24
28/6/2024,Select Asistants ,https://select3.snaphunt.com/job/69X1ZE0U90-AR-8?source=linkedin,NO 19/7/24
28/5/2024,Shaw and Partners ,https://app.shawandpartners.com/app/dashboard,NO 22/7/24
18/7/2024,Smithii ,https://www.linkedin.com/jobs/view/3975672528/?alternateChannel=search&refId=7Yjz%2BPwQWjZVDkrzgLgbAA%3D%3D&trackingId=BpkOgVb%2B0iEQqjSj7GnUOg%3D%3D&trk=d\_flagship3\_search\_srp\_jobs&lipi=urn%3Ali%3Apage%3Ad\_flagship3\_search\_srp\_jobs%3Bh35kVqbJSqOjtLmefd3tkw%3D%3D,NO 22/7/24
9/5/2024,Ey ,https://careers.ey.com/ey/job/Buenos-Aires-EY-Desarrollador-a-React-Junior-para-Consultor%C3%ADa-en-la-Industria-de-Servicios-Financieros-CABA-1437/1069662201/?feedId=353401&utm_source=LinkedInJobPostings&utm_campaign=j2w_linkedin,NO 22/7/24
22/7/2024,Global University Systems ,https://www.glassdoor.com.ar/partner/jobListing.htm?pos=104&ao=1136043&s=353&guid=00000190dacc5bee9c82639d74d2e659&src=GD\_JOB\_AD&t=REC\_JOBS&vt=w&uido=11ECDAD2E0E3F29A4C47A1405F49D59A&ea=1&cs=1\_bb02fa60&cb=1721657744846&jobListingId=1009367159182&jrtk=5-yul1-1-1i3dcon1rip9o801-de39e5bc1ef7f0fb,NO 25/7/24
19/7/2024,KreativStorm PASANTIA ,https://kreativstorm.zohorecruit.eu/jobs/Careers/69764000011983863/Junior-Web-Developer-Remote?source=LinkedIn-Basic&embedsource=LinkedIn%2BLimited%2BListings,NO 25/7/24
26/7/2024,g2i ,https://jobs.ashbyhq.com/g2i/15f0a775-2acb-4672-889f-3805b093df87/application?utm_source=j9V6VK4o8K,NO 29/7/24
24/7/2024,Adecco ,https://www.linkedin.com/jobs/view/3981292860/?alternateChannel=search&refId=%2Bp7D80m4bbXmviN3bYJ0zw%3D%3D&trackingId=dE5Gne5xRERHxJrkG%2BSqkg%3D%3D&trk=d\_flagship3\_postapply\_premium\_top\_choice&lipi=urn%3Ali%3Apage%3Ad\_flagship3\_search\_srp_jobs%3ByaMKlATeS5eOq%2FzzPFBSQw%3D%3D,NO 29/7/24
23/7/2024,Ventes Recruiting ,https://www.linkedin.com/jobs/view/3980662194/?alternateChannel=search&refId=sX7YptNFLLZ1q%2FpWn87iMQ%3D%3D&trackingId=08S7HanG6AWcikCskyPkWQ%3D%3D&trk=d\_flagship3\_postapply\_verification&lipi=urn%3Ali%3Apage%3Ad\_flagship3\_job\_details%3Bxt0YcZ7YQJWFfhzdjebNrQ%3D%3D,NO 29/7/24
29/7/2024,Martech ,https://www.linkedin.com/in/ACoAABqreJsBWB8mzI28weppA36JB-HsXyMvjD4/?lipi=urn%3Ali%3Apage%3Ad\_flagship3\_profile\_view\_base%3BF0QHm5mGT3Kz%2BJxXJdDRrg%3D%3D,NO 2/8/24
30/7/2024,Scrimmage ,https://www.linkedin.com/jobs/view/3920845618/?alternateChannel=search&refId=1RwhCv3Vz%2F56nZIJY15WRw%3D%3D&trackingId=1mL77q4Hrsws4ovWNMBuNg%3D%3D&trk=d\_flagship3\_postapply\_immediate\_screener\_modal&lipi=urn%3Ali%3Apage%3Ad\_flagship3\_search\_srp_jobs%3BFId7Sk30Tnm%2FL8vQ1oKZiQ%3D%3D,NO 5/8/24
2/8/2024,Outsource Argentina ,https://www.linkedin.com/jobs/view/3989846793/?alternateChannel=search&refId=%2B9QUNVIkCeskCFNDP37nmg%3D%3D&trackingId=cwNy23s3m7dDYS%2Bl3%2Bx9Zg%3D%3D&trk=d\_flagship3\_postapply\_default\_confirmation&lipi=urn%3Ali%3Apage%3Ad\_flagship3\_search\_srp\_jobs%3BawIoDgMCQeS5jCh7p9r8IA%3D%3D,NO 6/8/24
6/8/2024,Acciona IT ,https://www.linkedin.com/jobs/view/3993485579/?alternateChannel=search&refId=NotAvailable&trackingId=4%2BpMm9M2R%2BWX%2FmXtVrAPCQ%3D%3D&trk=d\_flagship3\_postapply\_default\_confirmation&lipi=urn%3Ali%3Apage%3Ad\_flagship3\_search\_srp\_jobs%3BM3%2FgEC2xRz6%2Bz9MtDLOA3A%3D%3D,NO 9/8/24
5/8/2024,Widergy ,https://www.linkedin.com/jobs/view/3992442032/?alternateChannel=search&refId=SN27ZUBlNZF699YqBw6Z%2Fw%3D%3D&trackingId=nBaw3DOFpehukm%2BbHNABfg%3D%3D&trk=d\_flagship3\_postapply\_default\_confirmation&lipi=urn%3Ali%3Apage%3Ad\_flagship3\_search\_srp\_jobs%3Bn0Eot3I%2FT3OBH3mPwas6kA%3D%3D,NO 12/8/24
6/8/2024,ENTA Consulting ,https://entaconsulting.hiringroom.com/jobs/get_vacancy/66b0d9518683f33f0c7662ec?source=linkedinjobs,NO 15/8/24
1/7/2024,Grupo Mercel ,https://www.linkedin.com/jobs/view/3961730765/?alternateChannel=search&refId=Zq6hI6gynqOQ8saU6eEpvg%3D%3D&trackingId=2OsVkDM5hkUvBMzMekuNdg%3D%3D&trk=d\_flagship3\_search\_srp\_jobs&lipi=urn%3Ali%3Apage%3Ad\_flagship3\_search\_srp\_jobs%3BQRAloQBXTVGWTnrAYz0y0w%3D%3D,NO 21/8/24
19/8/2024,Murmuratto ,https://www.linkedin.com/jobs/view/4002935240/?alternateChannel=search&refId=NotAvailable&trackingId=oub%2Bcw5%2BQvKDMXHZqu4gPA%3D%3D&trk=d\_flagship3\_postapply\_default\_confirmation&lipi=urn%3Ali%3Apage%3Ad\_flagship3\_search\_srp\_jobs%3BglXhrBrMRI2j50%2Ff7kqJfQ%3D%3D,NO 23/8/24
15/8/2024,Blink - Nearby Technology ,https://www.linkedin.com/jobs/view/4000446218/?alternateChannel=search&refId=NotAvailable&trackingId=wU4Qa%2BZORuqJuP9wjf37JQ%3D%3D&trk=d\_flagship3\_postapply\_default\_confirmation&lipi=urn%3Ali%3Apage%3Ad\_flagship3\_search\_srp\_jobs%3B%2FIJ1pWP%2FTlS1ZWTxKAX4yw%3D%3D,NO 23/8/24
26/8/2024,nimBold ,https://www.linkedin.com/jobs/view/4008006593/?alternateChannel=search&refId=dU750JF5K2lJ78ImzCAgng%3D%3D&trackingId=EKUt3lnPbXOJwZ4qTdmCbA%3D%3D&trk=d\_flagship3\_postapply\_default\_confirmation&lipi=urn%3Ali%3Apage%3Ad\_flagship3\_search\_srp\_jobs%3B4N0zLLwSTcW1gmhSG%2BhxbQ%3D%3D,NO 30/8/24
30/8/2024,Blink Nearby Technology ,https://www.linkedin.com/jobs/view/4011661481/?alternateChannel=search&refId=NotAvailable&trackingId=uKqKn5epQdKGk4T4TiwVow%3D%3D&trk=d\_flagship3\_postapply\_default\_confirmation&lipi=urn%3Ali%3Apage%3Ad\_flagship3\_search\_srp\_jobs%3Be8Wc5CT1S3CBu13VhGQucg%3D%3D,NO 6/9/24
3/9/2024,Yoizen ,https://www.linkedin.com/jobs/view/4014998064/?alternateChannel=search&refId=AtwbSfgUQqUIiW3A39CsQw%3D%3D&trackingId=uPwOChq3%2BeCUnCMMYNYl4g%3D%3D&trk=d\_flagship3\_postapply\_default\_confirmation&lipi=urn%3Ali%3Apage%3Ad\_flagship3\_search\_srp\_jobs%3BGAcQaWQDQeCYVYnmxX%2F03g%3D%3D,NO 9/9/24
27/8/2024,Grupo Quinto Andar ,https://www.linkedin.com/jobs/view/4010716948/?alternateChannel=search&refId=7w1fktgaM2%2Be9Qw9vgCNjQ%3D%3D&trackingId=A6GyRcTOEbMF8fQ%2BhwFidA%3D%3D&trk=d\_flagship3\_search\_srp\_jobs&lipi=urn%3Ali%3Apage%3Ad\_flagship3\_search\_srp\_jobs%3BAxbGRn1BTqmpmPHbElswAQ%3D%3D,NO 10/9/24
13/8/2024,"Bydrec, inc. NO 11/9/24",Postulación Activa,Etapa final